intervention,inclusion_tier,registry_trials,max_phase,statuses,trials_with_posted_results,category,traditional,abandoned_reason,termination_reasons,verdict_class,verdict_sublabel,evidence_tier,evidence_tier_sublabel,n_human_studies,n_mono_randomised,strongest_design,key_result_pmid,key_result_verbatim,metric,duration_weeks,comparator_arm_change,endpoint_dimension,indirect_only,conflict_present,conflict_note,safety,pooled_context_pmids,combination_evidence_pmids,why,curated,curation_note,duplicate_of,registry_only_result
2-leg cycle training,I3,1,NA/none,ACTIVE_NOT_RECRUITING,0,non_pharmacological,False,not_applicable,,Poorly studied,no IPF-specific human outcome evidence retrieved,Unknown,registry-only,0,0,none retrieved,,,,,,,False,False,,,,,"No human study reporting an IPF outcome for this agent was retrieved (PubMed, 2026-09-02).",False,,,
9MW3811,I3,1,PHASE1,UNKNOWN,0,biologic,False,not_applicable,,Poorly studied,no IPF-specific human outcome evidence retrieved,Unknown,registry-only,0,0,none retrieved,,,,,,,False,False,,,,,"No human study reporting an IPF outcome for this agent was retrieved (PubMed, 2026-09-02).",False,,,
ABBV-142,I3,1,PHASE2,RECRUITING,0,investigational_drug,False,not_applicable,,Poorly studied,no IPF-specific human outcome evidence retrieved,Unknown,registry-only,0,0,none retrieved,,,,,,,False,False,,,,,"No human study reporting an IPF outcome for this agent was retrieved (PubMed, 2026-09-02).",False,,,
AGMB-447,I3,1,PHASE1,COMPLETED,0,investigational_drug,False,not_applicable,,Poorly studied,no IPF-specific human outcome evidence retrieved,Unknown,registry-only,0,0,none retrieved,,,,,,,False,False,,,,,"No human study reporting an IPF outcome for this agent was retrieved (PubMed, 2026-09-02).",False,,,
AK3280,I3,2,PHASE3,NOT_YET_RECRUITING|UNKNOWN,0,investigational_drug,False,not_applicable,,Poorly studied,no IPF-specific human outcome evidence retrieved,Unknown,registry-only,0,0,none retrieved,,,,,,,False,False,,,,,"No human study reporting an IPF outcome for this agent was retrieved (PubMed, 2026-09-02).",False,,,
AMB-05X,I3,1,PHASE2,WITHDRAWN,0,investigational_drug,False,unknown,to focus resources on other studies,Poorly studied,no IPF-specific human outcome evidence retrieved,Unknown,registry-only,0,0,none retrieved,,,,,,,False,False,,,,,"No human study reporting an IPF outcome for this agent was retrieved (PubMed, 2026-09-02).",False,,,
ANG-3070,I3,1,PHASE1,UNKNOWN,0,investigational_drug,False,not_applicable,,Poorly studied,no IPF-specific human outcome evidence retrieved,Unknown,registry-only,0,0,none retrieved,,,,,,,False,False,,,,,"No human study reporting an IPF outcome for this agent was retrieved (PubMed, 2026-09-02).",False,,,
AP01,I1,1,PHASE2,RECRUITING,0,investigational_drug,False,not_applicable,,Uncertain,positive randomised signal below phase 3,Uncertain,early-phase or single randomised source,2,2,rct,36948586.0,Mean FVC % predicted remained stable in the 100 mg two times per day group.,"safety, tolerability and efficacy (FVC % predicted change at week 24)",24.0,,"safety, tolerability and efficacy (FVC % predicted change at week 24)",False,False,,"Most common treatment-related adverse events were mild or moderate: cough (15.4%), rash (12.1%), nausea (8.8%); side effects commonly associated with oral pirfenidone were less frequent with AP01.",,,"2 human studies attributed; strongest rct; IPF-only monotherapy randomised: 2 positive, 0 null, 0 harm.",False,,,
AP02,I3,1,PHASE2,RECRUITING,0,investigational_drug,False,not_applicable,,Poorly studied,no IPF-specific human outcome evidence retrieved,Unknown,registry-only,0,0,none retrieved,,,,,,,False,False,,,,,"No human study reporting an IPF outcome for this agent was retrieved (PubMed, 2026-09-02).",False,,,
ARO-MMP7 (inhaled),I3,1,PHASE1|2,COMPLETED,1,investigational_drug,False,not_applicable,,Poorly studied,no IPF-specific human outcome evidence retrieved,Unknown,registry-only,0,0,none retrieved,,,,,,,False,False,,,,,"No human study reporting an IPF outcome for this agent was retrieved (PubMed, 2026-09-02).",True,PHASE6 A5 (registry-results sweep): posted results exist but the primary endpoints are safety and tolerability; grading unchanged.,,"yes - posted registry results only, no publication located in this sweep"
ART-123,I3,1,PHASE3,COMPLETED,0,biologic,False,lack_of_efficacy,,Failed,randomised trial in acute exacerbation: 90-day survival numerically lower than placebo,Probable,"Probable (one randomised placebo-controlled trial, small, stopped for futility)",1,1,rct,31917621.0,"The survival proportions on Day 90 were 72.5% (29 of 40) in the thrombomodulin alfa group and 89.2% (33 of 37) in the placebo group, a difference of -16.7 percentage points (95% confidence interval, -33.8 to 0.4%;",survival proportion at day 90 after acute exacerbation,13.0,,survival after acute exacerbation (E10/E11),False,False,,,,,"No human study reporting an IPF outcome for this agent was retrieved (PubMed, 2026-09-02).",True,Reclassified from 'Poorly studied' in the Phase 3 retrieval-artefact check (corrections entry C11): the Phase 2 per-entity search had missed the primary report. Graded from the retrieved abstract; full text not read.,,
AZD5055,I3,2,PHASE1,COMPLETED|TERMINATED,0,investigational_drug,False,trial_design,The study was terminated as no drug-drug interactions were observed in Part-A of the study and therefore Part-B of the study was not required as per protocol.,Poorly studied,no IPF-specific human outcome evidence retrieved,Unknown,registry-only,0,0,none retrieved,,,,,,,False,False,,,,,"No human study reporting an IPF outcome for this agent was retrieved (PubMed, 2026-09-02).",False,,,
AZD8965,I3,2,PHASE2,COMPLETED|RECRUITING,0,investigational_drug,False,not_applicable,,Poorly studied,no IPF-specific human outcome evidence retrieved,Unknown,registry-only,0,0,none retrieved,,,,,,,False,False,,,,,"No human study reporting an IPF outcome for this agent was retrieved (PubMed, 2026-09-02).",False,,,
Astragalus,I4,0,none (literature-only),,0,,False,not_applicable,,Poorly studied,no IPF-specific human outcome evidence retrieved,Unknown,no human study retrieved,0,0,none retrieved,,,,,,,False,False,,,,,"No human study reporting an IPF outcome for this agent was retrieved (PubMed, 2026-09-02).",False,,,
BBT-877,I3,2,PHASE2,COMPLETED,0,investigational_drug,False,not_applicable,,Poorly studied,no IPF-specific human outcome evidence retrieved,Unknown,registry-only,0,0,none retrieved,,,,,,,False,False,,,,,"No human study reporting an IPF outcome for this agent was retrieved (PubMed, 2026-09-02).",False,,,
BC006,I3,1,PHASE2,RECRUITING,0,investigational_drug,False,not_applicable,,Poorly studied,no IPF-specific human outcome evidence retrieved,Unknown,registry-only,0,0,none retrieved,,,,,,,False,False,,,,,"No human study reporting an IPF outcome for this agent was retrieved (PubMed, 2026-09-02).",False,,,
BG00011,I1,2,PHASE2,COMPLETED|TERMINATED,2,biologic,False,safety_toxicity,Study was stopped because of safety concerns.,Harm outweighs benefit,randomised evidence of excess harm in IPF,Probable,randomised harm signal,1,1,rct,35771569.0,"At Week 26, there was no significant difference in FVC change from baseline between patients who received BG00011 (n = 20) or placebo (n = 23), least squares mean (SE) -0.097 L (0.0600) versus -0.056 L (0.0593), respectively (P = 0.268).",FVC change from baseline,26.0,placebo,FVC change from baseline,False,False,,"Serious adverse events occurred more frequently in BG00011 patients, including four deaths; IPF exacerbation or progression reported in 13 patients (all in BG00011 group); 44.4% of BG00011 recipients ",,,"1 human studies attributed; strongest rct; IPF-only monotherapy randomised: 0 positive, 0 null, 1 harm.",False,,,
BI 1819479,I3,1,PHASE2,COMPLETED,0,investigational_drug,False,not_applicable,,Poorly studied,no IPF-specific human outcome evidence retrieved,Unknown,registry-only,0,0,none retrieved,,,,,,,False,False,,,,,"No human study reporting an IPF outcome for this agent was retrieved (PubMed, 2026-09-02).",False,,,
BI 1839100,I3,1,PHASE2,TERMINATED,0,investigational_drug,False,regulatory_or_commercial,Sponsor decision,Poorly studied,no IPF-specific human outcome evidence retrieved,Unknown,registry-only,0,0,none retrieved,,,,,,,False,False,,,,,"No human study reporting an IPF outcome for this agent was retrieved (PubMed, 2026-09-02).",False,,,
BI 765423,I3,1,PHASE2,RECRUITING,0,investigational_drug,False,not_applicable,,Poorly studied,no IPF-specific human outcome evidence retrieved,Unknown,registry-only,0,0,none retrieved,,,,,,,False,False,,,,,"No human study reporting an IPF outcome for this agent was retrieved (PubMed, 2026-09-02).",False,,,
BLD-2660,I3,1,PHASE2,WITHDRAWN,0,investigational_drug,False,safety_toxicity,Withdrawn due to concerns for patient safety during COVID-19 crisis,Poorly studied,no IPF-specific human outcome evidence retrieved,Unknown,registry-only,0,0,none retrieved,,,,,,,False,False,,,,,"No human study reporting an IPF outcome for this agent was retrieved (PubMed, 2026-09-02).",False,,,
BMS-986020,I1,1,PHASE2,COMPLETED,1,investigational_drug,False,safety_or_toxicity,,Uncertain,positive randomised signal below phase 3,Uncertain,early-phase or single randomised source,4,4,rct,30201408.0,The study was terminated early because of three cases of cholecystitis that were determined to be related to BMS-986020,rate of change in FVC from baseline to week 26,26.0,placebo,rate of change in FVC from baseline to week 26,False,False,,Dose-related elevations in hepatic enzymes observed in both BMS-986020 groups; study terminated early due to three cases of cholecystitis related to BMS-986020.,,,"4 human studies attributed; strongest rct; IPF-only monotherapy randomised: 4 positive, 0 null, 0 harm.",False,PHASE4 CORRECTION (C18): abandonment reason was recorded as not_applicable; the trial was terminated for drug-related hepatobiliary toxicity.,,
C-Mo system,I3,1,NA/none,RECRUITING,0,device_or_procedure,False,not_applicable,,Poorly studied,no IPF-specific human outcome evidence retrieved,Unknown,registry-only,0,0,none retrieved,,,,,,,False,False,,,,,"No human study reporting an IPF outcome for this agent was retrieved (PubMed, 2026-09-02).",False,,,
C106,I3,1,PHASE1,COMPLETED,1,investigational_drug,False,not_applicable,,Poorly studied,no IPF-specific human outcome evidence retrieved,Unknown,registry-only,0,0,none retrieved,,,,,,,False,False,,,,,"No human study reporting an IPF outcome for this agent was retrieved (PubMed, 2026-09-02).",True,PHASE6 A5 (registry-results sweep): posted results exist but the primary endpoints are safety and pharmacokinetics; grading unchanged.,,"yes - posted registry results only, no publication located in this sweep"
C21,I3,1,PHASE2,COMPLETED,1,investigational_drug,False,not_applicable,,Poorly studied,no IPF-specific human outcome evidence retrieved,Unknown,registry-only,0,0,none retrieved,,,,,,,False,False,,,,,"No human study reporting an IPF outcome for this agent was retrieved (PubMed, 2026-09-02).",True,PHASE6 A5 (registry-results sweep): posted results exist but the primary endpoints are safety and tolerability; grading unchanged.,,"yes - posted registry results only, no publication located in this sweep"
CHF10067,I3,2,PHASE2,COMPLETED|RECRUITING,3,investigational_drug,False,not_applicable,,Poorly studied,no IPF-specific human outcome evidence retrieved,Unknown,registry-only,0,0,none retrieved,,,,,,,False,False,,,,,"No human study reporting an IPF outcome for this agent was retrieved (PubMed, 2026-09-02).",True,"PHASE6 A5 (registry-results sweep): posted results exist but the primary endpoints are safety, tolerability and pharmacokinetics; grading unchanged.",,"yes - posted registry results only, no publication located in this sweep"
CMR316,I3,1,PHASE1,COMPLETED,0,investigational_drug,False,not_applicable,,Poorly studied,no IPF-specific human outcome evidence retrieved,Unknown,registry-only,0,0,none retrieved,,,,,,,False,False,,,,,"No human study reporting an IPF outcome for this agent was retrieved (PubMed, 2026-09-02).",False,,,
CSVF,I3,1,EARLY_PHASE1,UNKNOWN,0,cell_therapy,False,not_applicable,,Poorly studied,no IPF-specific human outcome evidence retrieved,Unknown,registry-only,0,0,none retrieved,,,,,,,False,False,,,,,"No human study reporting an IPF outcome for this agent was retrieved (PubMed, 2026-09-02).",False,,,
Chinese herbal medicine,I2,0,none (literature-only),,0,,False,not_applicable,,Uncertain,"pooled syntheses report benefit but rest on small, mostly unregistered trials with outcome sets that often do not map to an IPF outcome dimension; capped at Uncertain by brief section 4.3",Uncertain,"traditional-medicine screen tier T2 (overviews and meta-analyses of primary Chinese-language trials, most of which were not independently retrievable here)",1,0,systematic_review,37235494.0,"CHM has potential benefits for patients with IPF especially in improving lung function (forced vital capacity (FVC), total lung capacity (TLC), and diffusing capacity of the lungs for carbon monoxide (DLCO)), PO2 level, and the quality of life of patients.","lung function (FVC, TLC, DLCO), PO2 level, quality of life",,conventional treatment alone or hormone therapy,"lung function (FVC, TLC, DLCO), PO2 level, quality of life",False,False,,,,,"1 human studies attributed; strongest systematic_review; IPF-only monotherapy randomised: 0 positive, 0 null, 0 harm.",True,"Aggregate row over the pooled TCM syntheses (PMIDs 37235494, 32991463, 29335860, 41088620, 39805768, 35881610, 36451506). Individual named formulas with their own randomised IPF trials are separate rows. CNKI/VIP/Wanfang/SinoMed not searched.",,
DWN12088,I3,3,PHASE2,ACTIVE_NOT_RECRUITING|COMPLETED,0,investigational_drug,False,not_applicable,,Poorly studied,no IPF-specific human outcome evidence retrieved,Unknown,registry-only,0,0,none retrieved,,,,,,,False,False,,,,,"No human study reporting an IPF outcome for this agent was retrieved (PubMed, 2026-09-02).",False,,,
EXCL-100,I3,1,PHASE1,COMPLETED,0,investigational_drug,False,not_applicable,,Poorly studied,no IPF-specific human outcome evidence retrieved,Unknown,registry-only,0,0,none retrieved,,,,,,,False,False,,,,,"No human study reporting an IPF outcome for this agent was retrieved (PubMed, 2026-09-02).",False,,,
EZ-2053,I3,1,PHASE3,COMPLETED,2,investigational_drug,False,not_applicable,,Poorly studied,no IPF-specific human outcome evidence retrieved,Unknown,registry-only,0,0,none retrieved,,,,,,,False,False,,,,,"No human study reporting an IPF outcome for this agent was retrieved (PubMed, 2026-09-02).",True,"PHASE6 A5 (registry-results sweep): the trial with posted results is prophylaxis of lung allograft rejection in transplant recipients, not treatment of IPF; retained only because the registry condition field lists IPF. Out of the IPF treatment scope.",,"yes - posted registry results only, no publication located in this sweep"
GB0139,I3,1,PHASE2,COMPLETED,1,investigational_drug,False,not_applicable,,Failed,"adequately sized quadruple-blind phase 2b: greater FVC decline on active drug than placebo on the primary endpoint, with more respiratory hospitalisations and worse SGRQ; no between-arm statistical test posted",Probable,"one adequately sized randomised trial, registry-posted only",2,2,rct,,"GALACTIC-1 (NCT03832946, n=172 randomised, 128 sites, quadruple-masked) primary endpoint annual rate of FVC decline at 52 weeks: GB0139 3 mg once daily -316.60 mL/year (95% CI -394.86 to -238.35, n=100) versus placebo -127.41 mL/year (95% CI -221.12 to -33.71, n=68); no between-arm analysis posted. Respiratory-related hospitalisations 17 of 102 versus 5 of 70; SGRQ total change +4.201 versus -4.77; deaths 8 of 102 versus 5 of 70; serious adverse events 24 of 102 versus 11 of 70; study completion 55 of 102 versus 38 of 70.",annual rate of FVC decline (mL/year),52.0,-127.41 mL/year (placebo),E2 disease progression / lung function,False,False,,deaths 8/102 (GB0139) vs 5/70 (placebo); serious adverse events 24/102 vs 11/70; respiratory-related hospitalisations 17/102 vs 5/70,,,"No human study reporting an IPF outcome for this agent was retrieved (PubMed, 2026-09-02).",True,PHASE6 A5 (registry-results sweep): corrected from 'Poorly studied - no IPF-specific human outcome evidence'. Also merges the separate 'inhaled TD139' row (TD139 = GB0139). Earlier phase 1/2a target-engagement trial published (PMID 33214209).,,yes - GALACTIC-1 results not published in PubMed as of this sweep
GLPG1205,I1,1,PHASE2,COMPLETED,1,investigational_drug,False,not_applicable,,Uncertain,null result that size or phase cannot make decisive,Uncertain,underpowered null,2,1,rct,36328358.0,Least squares mean change from baseline in FVC at week 26 was -33.68 (95% CI -112.0-44.68) mL with GLPG1205 and -76.00 (95% CI -170.7-18.71) mL with placebo (least squares mean difference 42.33 (95% CI -81.84-166.5) mL; p=0.50).,change from baseline in forced vital capacity (FVC),26.0,placebo,change from baseline in forced vital capacity (FVC),False,False,,"GLPG1205 resulted in higher proportions of serious and severe treatment-emergent adverse events and treatment-emergent discontinuations, with worse safety profile than placebo, particularly when combi",,,"2 human studies attributed; strongest rct; IPF-only monotherapy randomised: 0 positive, 1 null, 0 harm.",False,,,
GNS-3545,I3,1,PHASE1,COMPLETED,0,investigational_drug,False,not_applicable,,Poorly studied,no IPF-specific human outcome evidence retrieved,Unknown,registry-only,0,0,none retrieved,,,,,,,False,False,,,,,"No human study reporting an IPF outcome for this agent was retrieved (PubMed, 2026-09-02).",False,,,
GSK2634673F,I3,1,PHASE1,TERMINATED,0,investigational_drug,False,recruitment_or_operational,The study was terminated due to challenges recruiting subjects with fibrotic interstitial lung disease associated with a connective tissue disease for Part D,Poorly studied,no IPF-specific human outcome evidence retrieved,Unknown,registry-only,0,0,none retrieved,,,,,,,False,False,,,,,"No human study reporting an IPF outcome for this agent was retrieved (PubMed, 2026-09-02).",False,,,
GSK3008348,I1,2,PHASE1,COMPLETED|TERMINATED,1,investigational_drug,False,unknown,Sufficient information was gathered from cohort 1 to terminate the study without proceeding to optional cohort 2.,Uncertain,"randomised human data on a non-clinical primary endpoint (safety, pharmacokinetic, deposition, feasibility or mechanistic); no clinical outcome signal",Uncertain,early-phase or single randomised source,2,1,rct,32216814.0,Adjusted posterior median reduction in uncorrected VT at ~ 30 min after GSK3008348 inhalation was 20% (95% CrI: - 9 to 42%).,"whole lung volume of distribution (VT), not corrected for air volume, at ~30 min post-dose compared with pre-dose",4.3,placebo,"whole lung volume of distribution (VT), not corrected for air volume, at ~30 min post-dose compared with pre-dose",False,False,,GSK3008348 was well tolerated with no reports of serious adverse events or clinically significant abnormalities attributable to study treatment.,,,"2 human studies attributed; strongest rct; IPF-only monotherapy randomised: 1 positive, 0 null, 0 harm.",False,"PHASE4 CORRECTION (C16): previously labelled 'positive randomised signal below phase 3'. The trial's primary endpoint is not a clinical outcome, so the row carries no efficacy signal.",,
GSK3915393,I3,2,PHASE2,COMPLETED|TERMINATED,0,investigational_drug,False,lack_of_efficacy,"The study met futility criteria at pre-planned interim analysis, showing no clinical efficacy of the investigational drug. Based on the lack of efficacy at the interim data review, the sponsor decided to terminate the study.",Poorly studied,no IPF-specific human outcome evidence retrieved,Unknown,registry-only,0,0,none retrieved,,,,,,,False,False,,,,,"No human study reporting an IPF outcome for this agent was retrieved (PubMed, 2026-09-02).",False,,,
HEC585,I3,6,PHASE3,ACTIVE_NOT_RECRUITING|COMPLETED|RECRUITING,0,investigational_drug,False,not_applicable,,Poorly studied,no IPF-specific human outcome evidence retrieved,Unknown,registry-only,0,0,none retrieved,,,,,,,False,False,,,,,"No human study reporting an IPF outcome for this agent was retrieved (PubMed, 2026-09-02).",False,,,
HEC68498,I3,1,PHASE1,COMPLETED,0,investigational_drug,False,not_applicable,,Poorly studied,no IPF-specific human outcome evidence retrieved,Unknown,registry-only,0,0,none retrieved,,,,,,,False,False,,,,,"No human study reporting an IPF outcome for this agent was retrieved (PubMed, 2026-09-02).",False,,,
HRS-9813,I3,1,PHASE1,COMPLETED,0,investigational_drug,False,not_applicable,,Poorly studied,no IPF-specific human outcome evidence retrieved,Unknown,registry-only,0,0,none retrieved,,,,,,,False,False,,,,,"No human study reporting an IPF outcome for this agent was retrieved (PubMed, 2026-09-02).",False,,,
HSK44459,I3,3,PHASE3,COMPLETED|NOT_YET_RECRUITING,0,investigational_drug,False,not_applicable,,Poorly studied,no IPF-specific human outcome evidence retrieved,Unknown,registry-only,0,0,none retrieved,,,,,,,False,False,,,,,"No human study reporting an IPF outcome for this agent was retrieved (PubMed, 2026-09-02).",False,,,
HSK50042,I3,1,PHASE2,NOT_YET_RECRUITING,0,investigational_drug,False,not_applicable,,Poorly studied,no IPF-specific human outcome evidence retrieved,Unknown,registry-only,0,0,none retrieved,,,,,,,False,False,,,,,"No human study reporting an IPF outcome for this agent was retrieved (PubMed, 2026-09-02).",False,,,
HUL001,I3,1,PHASE1,COMPLETED,0,investigational_drug,False,not_applicable,,Poorly studied,no IPF-specific human outcome evidence retrieved,Unknown,registry-only,0,0,none retrieved,,,,,,,False,False,,,,,"No human study reporting an IPF outcome for this agent was retrieved (PubMed, 2026-09-02).",False,,,
HW241045,I3,1,PHASE1,NOT_YET_RECRUITING,0,investigational_drug,False,not_applicable,,Poorly studied,no IPF-specific human outcome evidence retrieved,Unknown,registry-only,0,0,none retrieved,,,,,,,False,False,,,,,"No human study reporting an IPF outcome for this agent was retrieved (PubMed, 2026-09-02).",False,,,
HZN-825,I3,1,PHASE2,TERMINATED,1,investigational_drug,False,lack_of_efficacy,The trial was terminated due to not meeting primary or key secondary endpoints.,Failed,"adequately sized randomised phase 2, null on the primary FVC endpoint at both doses; a nominally worse composite progression endpoint on the twice-daily arm",Probable,"one adequately sized randomised trial, registry-posted only",1,1,rct,,"NCT05032066 (Amgen, n=153, triple-masked, 82 sites, terminated) primary endpoint change in FVC % predicted to week 52: -4.13 (300 mg QD), -3.38 (300 mg BID), -2.99 (placebo); LS mean difference versus placebo -1.13 (95% CI -3.56 to 1.29, p=0.4388) for QD and -0.39 (95% CI -2.86 to 2.09, p=0.7959) for BID. Secondary composite progression-free survival hazard ratio BID versus placebo 2.52 (95% CI 1.22 to 5.61, p=0.0438); secondary >=10% FVC decline odds ratio BID versus placebo 0.469 (95% CI 0.236 to 0.934, p=0.0706).","change in FVC % predicted, baseline to week 52",52.0,-2.99 % predicted (placebo),E2 disease progression / lung function,False,False,,"core phase serious adverse events 10/49 (QD), 14/52 (BID), 9/52 (placebo); deaths 3/49, 4/52, 2/52",,,"No human study reporting an IPF outcome for this agent was retrieved (PubMed, 2026-09-02).",True,"PHASE6 A5 (registry-results sweep): corrected from 'Poorly studied - no IPF-specific human outcome evidence'; abandoned_reason corrected from 'unknown' to lack of efficacy on the sponsor's own stated grounds. Note the internally discordant secondary endpoints (worse composite progression, fewer >=10% FVC decliners) - logged in the conflicts register.",,yes - no results publication found in PubMed
IDL-2965 oral,I3,1,PHASE1,TERMINATED,0,investigational_drug,False,unknown,Due to development challenges associated with the SARS-CoV-2 pandemic and emerging nonclinical data,Poorly studied,no IPF-specific human outcome evidence retrieved,Unknown,registry-only,0,0,none retrieved,,,,,,,False,False,,,,,"No human study reporting an IPF outcome for this agent was retrieved (PubMed, 2026-09-02).",False,,,
INS018_055,I3,4,PHASE3,COMPLETED|NOT_YET_RECRUITING|RECRUITING,1,investigational_drug,False,not_applicable,,Uncertain,phase 2a with a safety primary endpoint; the FVC signal is exploratory and dose-restricted,Hypothesis,Hypothesis (efficacy signal exploratory; primary endpoint was tolerability),1,1,rct,40461817.0,"We observed increased forced vital capacity at the highest dosage with a mean change of +98.4 ml (95% confidence interval 10.9 to 185.9) for patients in the 60 mg rentosertib QD group, compared with -20.3 ml (95% confidence interval -116.1 to 75.6) for the placebo group","mean change in FVC, 60 mg QD vs placebo (exploratory)",12.0,,rate of FVC decline (E1) - exploratory,False,False,,,,,"No human study reporting an IPF outcome for this agent was retrieved (PubMed, 2026-09-02).",True,Reclassified from 'Poorly studied' in the Phase 3 retrieval-artefact check (corrections entry C11): the Phase 2 per-entity search had missed the primary report. Graded from the retrieved abstract; full text not read.,,
IW001,I2,1,PHASE1,COMPLETED,0,investigational_drug,False,not_applicable,,Uncertain,non-randomised or indirect human evidence only,Uncertain,observational or uncontrolled only,1,0,non_randomised_trial,25614165.0,"In contrast, the highest-dose cohort showed a trend toward stabilisation of forced vital capacity and matrix metalloproteinase 7, and a reduction in binding of C1q to anti-col(V) antibodies.",Safety and tolerability; exploration of efficacy including lung function (FVC) and matrix metalloproteinase 7,24.0,,Safety and tolerability; exploration of efficacy including lung function (FVC) and matrix metalloproteinase 7,False,False,,"All patients completed treatment without serious adverse events, acute exacerbations or IPF-related hospitalisations.",,,"1 human studies attributed; strongest non_randomised_trial; IPF-only monotherapy randomised: 0 positive, 0 null, 0 harm.",False,,,
LTI-03,I1,3,PHASE2,COMPLETED|RECRUITING,1,investigational_drug,False,not_applicable,,Uncertain,"randomised human data on a non-clinical primary endpoint (safety, pharmacokinetic, deposition, feasibility or mechanistic); no clinical outcome signal",Uncertain,early-phase or single randomised source,1,1,rct,42538332.0,"In deep bronchial brushings, both LTI-03 doses significantly reduced interleukin-11 (p = 0.0406 at 5 mg/day; p = 0.044 at 10 mg/day) and thymic stromal lymphopoietin (p = 0.0256 at 5 mg/day; p = 0.0128 at 10 mg/day) versus placebo.",incidence of treatment-emergent adverse events (TEAEs),2.0,placebo,incidence of treatment-emergent adverse events (TEAEs),False,False,,"LTI-03 was well-tolerated, with no treatment-related discontinuations, no severe TEAEs, and no evidence of airway obstruction.",,,"1 human studies attributed; strongest rct; IPF-only monotherapy randomised: 1 positive, 0 null, 0 harm.",False,"PHASE4 CORRECTION (C16): previously labelled 'positive randomised signal below phase 3'. The trial's primary endpoint is not a clinical outcome, so the row carries no efficacy signal.",,
LTP001,I3,1,PHASE2,TERMINATED,1,investigational_drug,False,regulatory_or_commercial,Sponsor Decision,Uncertain,null result that size or phase cannot make decisive,Uncertain,"small randomised trial terminated early, registry-posted only",1,1,rct,,"NCT05497284 (Novartis, n=46 randomised, quadruple-masked, 15 sites, terminated - Sponsor Decision) primary endpoint change in FVC % predicted to end of treatment (~26 weeks): LTP001 6 mg -3.1 (n=17) versus placebo -1.1 (n=22); Bayesian random slope model slope -2.6 (95% credible interval -6.9 to 1.3). Secondary FVC change -120.0 mL versus -45.5 mL.","change in FVC % predicted, baseline to ~26 weeks",26.0,-1.1 % predicted (placebo),E2 disease progression / lung function,False,False,,deaths 1/23 (LTP001) vs 0/23 (placebo); serious adverse events 2/23 vs 1/23,,,"No human study reporting an IPF outcome for this agent was retrieved (PubMed, 2026-09-02).",True,"PHASE6 A5 (registry-results sweep): corrected from 'Poorly studied - no IPF-specific human outcome evidence'. Randomised data exist and show no signal of benefit, but the trial was stopped by sponsor decision at n=46 and cannot exclude a moderate effect.",,yes - no results publication found in PubMed
MG-S-2525,I3,1,PHASE1,COMPLETED,0,investigational_drug,False,not_applicable,,Poorly studied,no IPF-specific human outcome evidence retrieved,Unknown,registry-only,0,0,none retrieved,,,,,,,False,False,,,,,"No human study reporting an IPF outcome for this agent was retrieved (PubMed, 2026-09-02).",False,,,
MTX-463,I3,1,PHASE2,RECRUITING,0,investigational_drug,False,not_applicable,,Poorly studied,no IPF-specific human outcome evidence retrieved,Unknown,registry-only,0,0,none retrieved,,,,,,,False,False,,,,,"No human study reporting an IPF outcome for this agent was retrieved (PubMed, 2026-09-02).",False,,,
NAL ER,I3,4,PHASE3,COMPLETED|RECRUITING,4,investigational_drug,False,not_applicable,,Works,"cough frequency only (E9); replicated in two randomised trials of <=6 weeks; no lung-function, exacerbation or survival claim",Probable,"Probable (two randomised trials, both <=6 weeks, both sponsor-run; phase 3 ongoing)",2,2,rct,41569557.0,"For patients with IPF-associated chronic cough, all 3 doses of nalbuphine ER reduced objective cough frequency and the 2 higher doses improved patient-reported cough frequency at 6 weeks.",relative change from baseline in 24-hour objective cough frequency at week 6,6.0,,symptoms - cough (E9),False,False,,"nausea, fatigue, constipation and dizziness more common than placebo in the earlier crossover trial (PMID 38320144)",,,"No human study reporting an IPF outcome for this agent was retrieved (PubMed, 2026-09-02).",True,Reclassified from 'Poorly studied' in the Phase 3 retrieval-artefact check (corrections entry C11): the Phase 2 per-entity search had missed the primary report. Graded from the retrieved abstract; full text not read.,,
ND-L02-s0201,I1,1,PHASE2,COMPLETED,2,investigational_drug,False,not_applicable,,Poorly studied,no IPF-only monotherapy human evidence; appears only in combination or pooled sources,Unknown,attribution not separable,1,0,non_randomised_trial,31332587.0,All pre- and post-dose samples were found to be negative for ADA.,Detection of anti-drug antibodies (ADA) to surface-exposed components of BMS-986263,3.0,,Detection of anti-drug antibodies (ADA) to surface-exposed components of BMS-986263,True,False,,No immunogenic response detected in normal human subjects administered 90 mg IV once weekly for 3 weeks,,,"1 human studies attributed; strongest non_randomised_trial; IPF-only monotherapy randomised: 0 positive, 0 null, 0 harm.",False,,,
NIP292,I3,1,PHASE1,COMPLETED,0,investigational_drug,False,not_applicable,,Poorly studied,no IPF-specific human outcome evidence retrieved,Unknown,registry-only,0,0,none retrieved,,,,,,,False,False,,,,,"No human study reporting an IPF outcome for this agent was retrieved (PubMed, 2026-09-02).",False,,,
ORIN1001,I3,1,PHASE1,SUSPENDED,0,investigational_drug,False,unknown,Partnership activities ongoing,Poorly studied,no IPF-specific human outcome evidence retrieved,Unknown,registry-only,0,0,none retrieved,,,,,,,False,False,,,,,"No human study reporting an IPF outcome for this agent was retrieved (PubMed, 2026-09-02).",False,,,
PBI-4050,I1,1,PHASE2,COMPLETED,0,investigational_drug,False,not_applicable,,Uncertain,non-randomised or indirect human evidence only,Uncertain,observational or uncontrolled only,1,0,non_randomised_trial,30578394.0,"There were no significant changes in forced vital capacity (FVC), either in % predicted or mL, from baseline to week 12 for PBI-4050 alone or PBI-4050+nintedanib. In contrast, a statistically significant reduction (p<0.024) in FVC % pred was seen for PBI-4050+pirfenidone after 12 weeks.","Safety, efficacy and pharmacokinetics of PBI-4050",12.0,,"Safety, efficacy and pharmacokinetics of PBI-4050",False,False,,PBI-4050 alone or in combination with nintedanib or pirfenidone was well tolerated with no safety concerns; drug-drug interaction observed with pirfenidone reducing PBI-4050 pharmacokinetic exposure.,,,"1 human studies attributed; strongest non_randomised_trial; IPF-only monotherapy randomised: 0 positive, 0 null, 0 harm.",False,,,
PIPE-791,I3,2,PHASE2,COMPLETED|RECRUITING,0,investigational_drug,False,not_applicable,,Poorly studied,no IPF-specific human outcome evidence retrieved,Unknown,registry-only,0,0,none retrieved,,,,,,,False,False,,,,,"No human study reporting an IPF outcome for this agent was retrieved (PubMed, 2026-09-02).",False,,,
PMG1015,I3,2,PHASE1,COMPLETED,0,investigational_drug,False,not_applicable,,Poorly studied,no IPF-specific human outcome evidence retrieved,Unknown,registry-only,0,0,none retrieved,,,,,,,False,False,,,,,"No human study reporting an IPF outcome for this agent was retrieved (PubMed, 2026-09-02).",False,,,
PRS-220,I3,1,PHASE1,COMPLETED,0,biologic,False,not_applicable,,Poorly studied,no IPF-specific human outcome evidence retrieved,Unknown,registry-only,0,0,none retrieved,,,,,,,False,False,,,,,"No human study reporting an IPF outcome for this agent was retrieved (PubMed, 2026-09-02).",False,,,
QAX576,I3,2,PHASE2,COMPLETED|TERMINATED,0,biologic,False,not_applicable,,Poorly studied,no IPF-specific human outcome evidence retrieved,Unknown,registry-only,0,0,none retrieved,,,,,,,False,False,,,,,"No human study reporting an IPF outcome for this agent was retrieved (PubMed, 2026-09-02).",False,,,
RE104,I3,1,PHASE2,RECRUITING,0,investigational_drug,False,not_applicable,,Poorly studied,no IPF-specific human outcome evidence retrieved,Unknown,registry-only,0,0,none retrieved,,,,,,,False,False,,,,,"No human study reporting an IPF outcome for this agent was retrieved (PubMed, 2026-09-02).",False,,,
RSN0402,I3,1,PHASE1,UNKNOWN,0,investigational_drug,False,not_applicable,,Poorly studied,no IPF-specific human outcome evidence retrieved,Unknown,registry-only,0,0,none retrieved,,,,,,,False,False,,,,,"No human study reporting an IPF outcome for this agent was retrieved (PubMed, 2026-09-02).",False,,,
RXC007,I3,2,PHASE2,ACTIVE_NOT_RECRUITING|COMPLETED,0,investigational_drug,False,not_applicable,,Poorly studied,no IPF-specific human outcome evidence retrieved,Unknown,registry-only,0,0,none retrieved,,,,,,,False,False,,,,,"No human study reporting an IPF outcome for this agent was retrieved (PubMed, 2026-09-02).",False,,,
RegenD001,I1,2,PHASE2,COMPLETED,0,cell_therapy,False,not_applicable,,Uncertain,non-randomised or indirect human evidence only,Uncertain,observational or uncontrolled only,1,0,non_randomised_trial,40036154.0,"P63+ basal progenitor cell was safe and tolerated at all doses, with no dose-limiting toxicity or cell therapy-related severe adverse events observed.",incidence and severity of cell therapy-related adverse events,,,incidence and severity of cell therapy-related adverse events,False,False,,No dose-limiting toxicity or cell therapy-related severe adverse events; safe and tolerated at all doses (0.6× to 3.3×10⁶ cells/kg),,,"1 human studies attributed; strongest non_randomised_trial; IPF-only monotherapy randomised: 0 positive, 0 null, 0 harm.",False,,,
RegenD007,I3,1,EARLY_PHASE1,NOT_YET_RECRUITING,0,cell_therapy,False,not_applicable,,Poorly studied,no IPF-specific human outcome evidence retrieved,Unknown,registry-only,0,0,none retrieved,,,,,,,False,False,,,,,"No human study reporting an IPF outcome for this agent was retrieved (PubMed, 2026-09-02).",False,,,
SAR156597,I1,2,PHASE2,COMPLETED,1,biologic,False,not_applicable,,Failed,"adequately sized randomised evidence, null",Probable,randomised null result,1,1,rct,30337444.0,"The mean change from baseline in FVC % pred at 52 weeks was -5.8%, -5.2% and -6.3% for the placebo, Q2W and QW arms, respectively (Q2W versus placebo, p=0.59; QW versus placebo, p=0.63).",absolute change from baseline in forced vital capacity (FVC) % predicted at 52 weeks,52.0,placebo,absolute change from baseline in forced vital capacity (FVC) % predicted at 52 weeks,False,False,,Safety profile generally similar across arms; serious adverse events more common in QW arm,,,"1 human studies attributed; strongest rct; IPF-only monotherapy randomised: 0 positive, 1 null, 0 harm.",False,,,
SB17170,I3,1,PHASE2,RECRUITING,0,investigational_drug,False,not_applicable,,Poorly studied,no IPF-specific human outcome evidence retrieved,Unknown,registry-only,0,0,none retrieved,,,,,,,False,False,,,,,"No human study reporting an IPF outcome for this agent was retrieved (PubMed, 2026-09-02).",False,,,
SC01009,I3,1,PHASE2,NOT_YET_RECRUITING,0,investigational_drug,False,not_applicable,,Poorly studied,no IPF-specific human outcome evidence retrieved,Unknown,registry-only,0,0,none retrieved,,,,,,,False,False,,,,,"No human study reporting an IPF outcome for this agent was retrieved (PubMed, 2026-09-02).",False,,,
SC1011,I1,3,PHASE2|3,COMPLETED|RECRUITING,0,investigational_drug,False,not_applicable,,Poorly studied,no IPF-only monotherapy human evidence; appears only in combination or pooled sources,Unknown,attribution not separable,1,0,rct,40065557.0,"SC1011 IR was absorbed rapidly (mean time to maximum concentration, Tmax ≤ 1 h) and eliminated rapidly (mean terminal half-life, t1/2: 1.23-2.64 h) following 50-300 mg single-dose administrations.","safety, tolerability, and pharmacokinetics",1.0,placebo,"safety, tolerability, and pharmacokinetics",True,False,,All treatment-emergent adverse events (TEAEs) with both formulations were mild or moderate in severity; gastrointestinal reactions were the most frequently reported TEAEs; tolerability markedly improv,,,"1 human studies attributed; strongest rct; IPF-only monotherapy randomised: 0 positive, 0 null, 0 harm.",False,,,
SCB0020160,I3,1,PHASE1,NOT_YET_RECRUITING,0,investigational_drug,False,not_applicable,,Poorly studied,no IPF-specific human outcome evidence retrieved,Unknown,registry-only,0,0,none retrieved,,,,,,,False,False,,,,,"No human study reporting an IPF outcome for this agent was retrieved (PubMed, 2026-09-02).",False,,,
SHR-1906,I1,1,PHASE2,COMPLETED,0,investigational_drug,False,not_applicable,,Poorly studied,no IPF-only monotherapy human evidence; appears only in combination or pooled sources,Unknown,attribution not separable,1,0,rct,37766387.0,Treatment-related treatment-emergent adverse events occurred in 25 participants (46.3%) in the SHR-1906 group and 11 (61.1%) in the placebo group.,safety and tolerability,10.1,placebo,safety and tolerability,True,False,,No serious adverse events occurred; favorable tolerability profile demonstrated at all dose levels up to 45 mg/kg.,,,"1 human studies attributed; strongest rct; IPF-only monotherapy randomised: 0 positive, 0 null, 0 harm.",False,,,
SM04646,I3,1,PHASE2,WITHDRAWN,0,investigational_drug,False,regulatory_or_commercial,Study withdrawn for business reasons prior to screening or enrolling any subjects.,Poorly studied,no IPF-specific human outcome evidence retrieved,Unknown,registry-only,0,0,none retrieved,,,,,,,False,False,,,,,"No human study reporting an IPF outcome for this agent was retrieved (PubMed, 2026-09-02).",False,,,
SRN-001,I3,2,PHASE1,COMPLETED|RECRUITING,0,investigational_drug,False,not_applicable,,Poorly studied,no IPF-specific human outcome evidence retrieved,Unknown,registry-only,0,0,none retrieved,,,,,,,False,False,,,,,"No human study reporting an IPF outcome for this agent was retrieved (PubMed, 2026-09-02).",False,,,
SV001,I3,2,PHASE2,RECRUITING,0,investigational_drug,False,not_applicable,,Poorly studied,no IPF-specific human outcome evidence retrieved,Unknown,registry-only,0,0,none retrieved,,,,,,,False,False,,,,,"No human study reporting an IPF outcome for this agent was retrieved (PubMed, 2026-09-02).",False,,,
SYH2059,I3,1,PHASE2,NOT_YET_RECRUITING,0,investigational_drug,False,not_applicable,,Poorly studied,no IPF-specific human outcome evidence retrieved,Unknown,registry-only,0,0,none retrieved,,,,,,,False,False,,,,,"No human study reporting an IPF outcome for this agent was retrieved (PubMed, 2026-09-02).",False,,,
TD-1058,I3,1,PHASE1,TERMINATED,0,investigational_drug,False,safety_toxicity,The Sponsor has decided to stop the study due to business reasons. Study was terminated before initiation of part C and D (Decision to not proceed with Parts C and D was not for safety reasons and do not impact the overall risk benefit of the IMP.),Poorly studied,no IPF-specific human outcome evidence retrieved,Unknown,registry-only,0,0,none retrieved,,,,,,,False,False,,,,,"No human study reporting an IPF outcome for this agent was retrieved (PubMed, 2026-09-02).",False,,,
TDI01,I3,2,PHASE3,RECRUITING|UNKNOWN,0,investigational_drug,False,not_applicable,,Poorly studied,no IPF-specific human outcome evidence retrieved,Unknown,registry-only,0,0,none retrieved,,,,,,,False,False,,,,,"No human study reporting an IPF outcome for this agent was retrieved (PubMed, 2026-09-02).",False,,,
TRK-250,I1,1,PHASE1,COMPLETED,1,investigational_drug,False,not_applicable,,Uncertain,"randomised human data on a non-clinical primary endpoint (safety, pharmacokinetic, deposition, feasibility or mechanistic); no clinical outcome signal",Uncertain,early-phase or single randomised source,1,1,rct,37738329.0,"In all IPF patients who orally inhaled TRK-250, no significant drug-related adverse events (AEs) were observed.",safety,4.0,placebo,safety,False,False,,"AEs were mild or moderate except one severe case with acute exacerbation; coughing was common; one patient discontinued due to coughing; no medically important findings on clinical laboratory, vital s",,,"1 human studies attributed; strongest rct; IPF-only monotherapy randomised: 1 positive, 0 null, 0 harm.",False,"PHASE4 CORRECTION (C16): previously labelled 'positive randomised signal below phase 3'. The trial's primary endpoint is not a clinical outcome, so the row carries no efficacy signal.",,
TTI-101,I3,1,PHASE2,COMPLETED,0,investigational_drug,False,not_applicable,,Poorly studied,no IPF-specific human outcome evidence retrieved,Unknown,registry-only,0,0,none retrieved,,,,,,,False,False,,,,,"No human study reporting an IPF outcome for this agent was retrieved (PubMed, 2026-09-02).",False,,,
VUM02,I3,1,PHASE1,COMPLETED,0,investigational_drug,False,not_applicable,,Poorly studied,no IPF-specific human outcome evidence retrieved,Unknown,registry-only,0,0,none retrieved,,,,,,,False,False,,,,,"No human study reporting an IPF outcome for this agent was retrieved (PubMed, 2026-09-02).",False,,,
ZL-2102,I3,1,PHASE1,UNKNOWN,0,investigational_drug,False,not_applicable,,Poorly studied,no IPF-specific human outcome evidence retrieved,Unknown,registry-only,0,0,none retrieved,,,,,,,False,False,,,,,"No human study reporting an IPF outcome for this agent was retrieved (PubMed, 2026-09-02).",False,,,
ZSP1603,I3,2,PHASE1|2,COMPLETED,0,investigational_drug,False,not_applicable,,Poorly studied,no IPF-specific human outcome evidence retrieved,Unknown,registry-only,0,0,none retrieved,,,,,,,False,False,,,,,"No human study reporting an IPF outcome for this agent was retrieved (PubMed, 2026-09-02).",False,,,
adipose-derived stromal vascular fraction (svf),I3,1,EARLY_PHASE1,UNKNOWN,0,cell_therapy,False,not_applicable,,Poorly studied,no IPF-specific human outcome evidence retrieved,Unknown,registry-only,0,0,none retrieved,,,,,,,False,False,,,,,"No human study reporting an IPF outcome for this agent was retrieved (PubMed, 2026-09-02).",False,,,
admilparant (BMS-986278),I1,6,PHASE3,ACTIVE_NOT_RECRUITING|COMPLETED|NOT_YET_RECRUITING,1,investigational_drug,False,not_applicable,,Uncertain,phase 2: IPF cohort confidence interval includes zero; the significant result is in the separate PPF cohort,Uncertain,Uncertain (one phase 2 trial; IPF-cohort estimate not statistically significant),1,1,rct,39393084.0,"Treatment differences between 60-mg admilparant and placebo were 1.4% (95% confidence interval, -0.1 to 3.0) for IPF and 3.2% (95% confidence interval, 0.7 to 5.7) for PPF.",rate of change in percent predicted FVC at week 26,26.0,placebo,rate of FVC decline (E1),False,False,,Transient Day 1 postdose blood pressure reductions greater with admilparant; diarrhea at similar frequencies across arms; treatment discontinuations due to adverse events lower with admilparant in PPF,,,"2 human studies attributed; strongest rct; IPF-only monotherapy randomised: 0 positive, 0 null, 0 harm.",True,Reclassified from 'Poorly studied' in the Phase 3 retrieval-artefact check (corrections entry C11): the Phase 2 per-entity search had missed the primary report. Graded from the retrieved abstract; full text not read.,,
alemtuzumab,I1,1,PHASE1|2,RECRUITING,0,biologic,False,not_applicable,,Poorly studied,no IPF-only monotherapy human evidence; appears only in combination or pooled sources,Unknown,attribution not separable,1,0,meta_analysis,30577263.0,"In lung transplantation, alemtuzumab use was associated with lower odds of acute cellular rejection compared with antithymocyte globulin (odds ratio [OR], 0.21; 95% CI, 0.11-0.40; P < .001), lower acute rejection rates (OR, 0.12; 95% CI, 0.03-0.55; P < .01), and infection rates (OR, 0.69; 95% CI, 0.35-1.36; P = .33) when compared with basiliximab.",acute cellular rejection rates and infection rates,,"antithymocyte globulin, basiliximab, tacrolimus",acute cellular rejection rates and infection rates,True,False,,"Infection rates with alemtuzumab vs basiliximab showed OR 0.69 (95% CI, 0.35–1.36; P = .33), not statistically significant",,,"1 human studies attributed; strongest meta_analysis; IPF-only monotherapy randomised: 0 positive, 0 null, 0 harm.",False,,,
allorx,I3,1,PHASE1,RECRUITING,0,other,False,not_applicable,,Poorly studied,no IPF-specific human outcome evidence retrieved,Unknown,registry-only,0,0,none retrieved,,,,,,,False,False,,,,,"No human study reporting an IPF outcome for this agent was retrieved (PubMed, 2026-09-02).",False,,,
ambrisentan,I1,2,PHASE3,TERMINATED,2,repurposed_approved_drug,False,lack_of_efficacy,Lack of efficacy,Harm outweighs benefit,randomised evidence of excess harm in IPF,Probable,randomised harm signal,5,2,rct,23648946.0,"Ambrisentan-treated patients were more likely to meet the prespecified criteria for disease progression (90 [27.4%] vs. 28 [17.2%] patients; P = 0.010; hazard ratio, 1.74 [95% CI, 1.14 to 2.66]).","Time to disease progression (death, respiratory hospitalization, or categorical decrease in lung function)",34.7,placebo,"Time to disease progression (death, respiratory hospitalization, or categorical decrease in lung function)",False,False,,"Respiratory hospitalizations more common in ambrisentan group (13.4% vs 5.5%, P=0.007); trend toward higher mortality (7.9% vs 3.7%, P=0.100).",26843176|38281037,38375723,"5 human studies attributed; strongest rct; IPF-only monotherapy randomised: 0 positive, 1 null, 1 harm.",False,,,
anlotinib,I3,1,PHASE2,ACTIVE_NOT_RECRUITING,0,repurposed_approved_drug,False,not_applicable,,Poorly studied,no IPF-specific human outcome evidence retrieved,Unknown,registry-only,0,0,none retrieved,,,,,,,False,False,,,,,"No human study reporting an IPF outcome for this agent was retrieved (PubMed, 2026-09-02).",False,,,
artesuante,I3,1,PHASE1,RECRUITING,0,other,False,not_applicable,,Poorly studied,no IPF-specific human outcome evidence retrieved,Unknown,registry-only,0,0,none retrieved,,,,,,,False,False,,,,,"No human study reporting an IPF outcome for this agent was retrieved (PubMed, 2026-09-02).",False,,,
atezolizumab,I2,1,PHASE1,ACTIVE_NOT_RECRUITING,0,biologic,False,not_applicable,,Poorly studied,no IPF-only monotherapy human evidence; appears only in combination or pooled sources,Unknown,attribution not separable,1,0,non_randomised_trial,35759340.0,"The 1-year survival rate was 53.3% (95% CI, 25.9-74.6).",1-year survival rate,,,1-year survival rate,True,False,,Early termination due to high incidence of severe pneumonitis; pneumonitis occurred in 29.4% (all grades) and 23.5% (grade ≥3).,,,"1 human studies attributed; strongest non_randomised_trial; IPF-only monotherapy randomised: 0 positive, 0 null, 0 harm.",False,,,
auto-titrating oxygen therapy,I3,1,NA/none,COMPLETED,0,device_or_procedure,False,not_applicable,,Poorly studied,no IPF-specific human outcome evidence retrieved,Unknown,registry-only,0,0,none retrieved,,,,,,,False,False,,,,,"No human study reporting an IPF outcome for this agent was retrieved (PubMed, 2026-09-02).",False,,,
autoantibody reductive therapy,I3,1,PHASE2,COMPLETED,1,other,False,not_applicable,,Uncertain,"open-label randomised trial reporting a large six-month survival difference in acute exacerbations; no statistical analysis, no baseline severity data and no results publication available",Uncertain,"one open-label randomised trial, registry-posted only, plus uncontrolled pilot data",4,0,open-label randomised,,"STRIVE-IPF (NCT03286556, 7 sites, randomised, parallel, masking NONE; enrolment 82 actual, outcome denominators 33 versus 18) primary endpoint %Survival at 6 months: autoantibody reductive therapy 44 (SE 9, n=33) versus treatment as usual 7 (SE 6, n=18); no statistical analysis posted. Secondary: participants with oxygen-requirement reductions 50% versus 22%; walk distance 245 feet (SD 347) versus 133 feet (SD 216). Deaths 18 of 33 versus 16 of 18; serious adverse events 5 of 33 versus 0 of 18.",six-month actuarial survival after an acute exacerbation,26.0,7% (treatment as usual),E1 survival,False,True,a positive open-label randomised survival signal in acute exacerbations sits against a null triple-masked randomised result for rituximab monotherapy in stable IPF (NCT01969409) with numerically more hospitalisations and serious adverse events; the two settings differ and the conflict is preserved rather than resolved,serious adverse events 5 of 33 (active) versus 0 of 18 (treatment as usual); deaths 18 of 33 versus 16 of 18,,,"No human study reporting an IPF outcome for this agent was retrieved (PubMed, 2026-09-02).",True,"PHASE6 A5 (registry-results sweep): corrected from 'Poorly studied - no IPF-specific human outcome evidence'. Regimen is therapeutic plasma exchange plus rituximab plus intravenous immunoglobulin. Unresolved problems with the posted result: open-label with no masking, unequal arms (33 versus 18) from 82 enrolled, no baseline lung function or oxygen requirement posted so severity comparability cannot be checked (baseline module posts only age and sex, and sex is imbalanced), no statistical analysis posted, and no results publication. Earlier supporting evidence is an uncontrolled pilot against historical controls (PMID 26083430) and a correlates-of-survival analysis (PMID 34813613).",,yes - only a trial design paper is published (PMID 38509495 / preprint 38464052); no results publication found in PubMed
autologous adipose stromal vascular fraction,I3,1,PHASE1|2,UNKNOWN,0,cell_therapy,False,not_applicable,,Poorly studied,no IPF-specific human outcome evidence retrieved,Unknown,registry-only,0,0,none retrieved,,,,,,,False,False,,,,,"No human study reporting an IPF outcome for this agent was retrieved (PubMed, 2026-09-02).",False,,,
autologous fecal microbiota transplant,I3,1,NA/none,UNKNOWN,0,biologic,False,not_applicable,,Poorly studied,no IPF-specific human outcome evidence retrieved,Unknown,registry-only,0,0,none retrieved,,,,,,,False,False,,,,,"No human study reporting an IPF outcome for this agent was retrieved (PubMed, 2026-09-02).",False,,,
axatilimab,I3,1,PHASE2,ACTIVE_NOT_RECRUITING,0,biologic,False,not_applicable,,Poorly studied,no IPF-specific human outcome evidence retrieved,Unknown,registry-only,0,0,none retrieved,,,,,,,False,False,,,,,"No human study reporting an IPF outcome for this agent was retrieved (PubMed, 2026-09-02).",False,,,
azathioprine,I1,1,PHASE3,TERMINATED,0,repurposed_approved_drug,False,trial_design,Study design changes were needed based on GIPF-001 results,Poorly studied,no IPF-only monotherapy human evidence; appears only in combination or pooled sources,Unknown,attribution not separable,13,0,rct,30566847.0,"In PANTHER-IPF, exposure to prednisone/azathioprine/N-acetylcysteine was associated with a higher composite endpoint of death, lung transplantation, hospitalization, or FVC decline for those with an LTL less than the 10th percentile (hazard ratio, 2.84; 95% confidence interval, 1.02-7.87; P = 0.045).","composite endpoint of death, lung transplantation, hospitalization, or FVC decline",,placebo,"composite endpoint of death, lung transplantation, hospitalization, or FVC decline",True,False,,Immunosuppression associated with adverse outcomes in patients with short telomeres; 62% of PANTHER-IPF subjects had LTL <10th percentile,35145039|12917947|26843176|25410822|25760991,30566847|16306520|1859050|22607134|16315778|36470416|31784348|41738192,"13 human studies attributed; strongest rct; IPF-only monotherapy randomised: 0 positive, 0 null, 0 harm.",False,,,
azathioprine + prednisone,I3,1,PHASE2,COMPLETED,0,repurposed_approved_drug,False,not_applicable,,Poorly studied,no IPF-specific human outcome evidence retrieved,Unknown,registry-only,0,0,none retrieved,,,,,,,False,False,,,,,"No human study reporting an IPF outcome for this agent was retrieved (PubMed, 2026-09-02).",False,,,
azithromycin,I1,3,PHASE2,COMPLETED|RECRUITING|TERMINATED,0,repurposed_approved_drug,False,recruitment_or_operational,Not meeting recruitment targets,Uncertain,null result that size or phase cannot make decisive,Uncertain,underpowered null,1,1,rct,34015241.0,This randomized controlled trial does not support the use of low-dose azithromycin for chronic cough in patients with IPF,change in cough-related quality of life as measured by the Leicester Cough Questionnaire (LCQ),12.0,placebo,change in cough-related quality of life as measured by the Leicester Cough Questionnaire (LCQ),False,False,,"Gastrointestinal adverse effects were more frequent with azithromycin than with placebo (diarrhea, 43% vs. 5%; P = 0.03)",,,"1 human studies attributed; strongest rct; IPF-only monotherapy randomised: 0 positive, 1 null, 0 harm.",False,"PHASE4 (C22): the null is from a double-blind randomised crossover trial of low-dose azithromycin for chronic cough (PMID 34015241, NCT02173145, n=25 randomised); the abandonment reason recorded in Phase 2 refers to a different, terminated combination-therapy trial (NCT01432080). The cough question has a randomised answer; the ongoing large trial NCT05842681 addresses acute exacerbation management, a different question.",,
baduanjin exercise,I1,1,NA/none,COMPLETED,0,non_pharmacological,False,not_applicable,,Uncertain,positive randomised signal below phase 3,Uncertain,early-phase or single randomised source,1,1,rct,41184899.0,"After eight weeks, spirometry parameters were preserved, while MIP, MEP, 6MWT, 6MWT (% predicted), SGRQ-Activity, SGRQ-Impact, and SGRQ-Total scores demonstrated significant improvements in the exercise group (p < .05).","functional capacity (6MWT), respiratory function (spirometry, respiratory muscle strength), quality of life (SGRQ)",8.0,control (no training),"functional capacity (6MWT), respiratory function (spirometry, respiratory muscle strength), quality of life (SGRQ)",False,False,,,,,"1 human studies attributed; strongest rct; IPF-only monotherapy randomised: 1 positive, 0 null, 0 harm.",True,Superseded by the row 'Baduanjin exercise' entered from the traditional-medicine screen; retained as the registry-derived duplicate.,,
bardoxolone methyl,I3,1,PHASE2,COMPLETED,1,investigational_drug,False,not_applicable,,Poorly studied,no IPF-specific human outcome evidence retrieved,Unknown,registry-only,0,0,none retrieved,,,,,,,True,False,,,,,"No human study reporting an IPF outcome for this agent was retrieved (PubMed, 2026-09-02).",True,"PHASE6 A5 (registry-results sweep): the only trial with posted results (LARIAT, NCT02036970) studied pulmonary hypertension with a 6-minute-walk-distance primary endpoint; the WHO Group III / IPF stratum result was a between-arm difference of -1.74 m (95% CI -16.22 to 12.74, p=0.8133). This is pulmonary hypertension management, not IPF treatment; labelled indirect.",,
beclometasone/formoterol (inhaled),I3,1,PHASE2,COMPLETED,0,repurposed_approved_drug,False,not_applicable,,Poorly studied,no IPF-specific human outcome evidence retrieved,Unknown,registry-only,0,0,none retrieved,,,,,,,False,False,,,,,"No human study reporting an IPF outcome for this agent was retrieved (PubMed, 2026-09-02).",False,,,
beetroot juice,I3,1,NA/none,RECRUITING,0,traditional_herbal_or_natural_product,True,not_applicable,,Poorly studied,no IPF-specific human outcome evidence retrieved,Unknown,registry-only,0,0,none retrieved,,,,,,,False,False,,,,,"No human study reporting an IPF outcome for this agent was retrieved (PubMed, 2026-09-02).",False,,,
belumosudil,I3,1,PHASE2,COMPLETED,1,repurposed_approved_drug,False,not_applicable,,Uncertain,open-label randomised trial with no between-arm analysis posted,Uncertain,"one open-label randomised trial, registry-posted only",1,0,open-label randomised,,"NCT02688647 (n=76, 2-part open-label and crossover) primary endpoint mean FVC at baseline and week 24: belumosudil 2608.2 mL to 2626.8 mL; best supportive care 2516.7 mL to 2438.1 mL; FVC % predicted 69.61 to 69.71 versus 68.46 to 68.29. No between-arm analysis posted.",mean change in FVC (mL) and FVC % predicted to week 24,24.0,2516.7 mL to 2438.1 mL (best supportive care),E2 disease progression / lung function,False,False,,,,,"No human study reporting an IPF outcome for this agent was retrieved (PubMed, 2026-09-02).",True,"PHASE6 A5 (registry-results sweep): corrected from 'Poorly studied - no IPF-specific human outcome evidence'. Open-label without blinding and without a posted statistical comparison; the arm-level values are stable on belumosudil and declining on best supportive care, which is a hypothesis, not a demonstrated effect.",,yes - no results publication found in PubMed
bexotegrast,I1,4,PHASE2,COMPLETED|TERMINATED,4,investigational_drug,False,safety_or_toxicity,DSMB recommendation,Harm outweighs benefit,adequately sized randomised phase 2b terminated on DSMB recommendation with excess disease progression and deaths on active treatment,Probable,one adequately sized randomised trial with registry-posted results; no peer-reviewed publication of these results identified,3,2,rct,,"In BEACON-IPF (NCT06097260, n=319 randomised), terminated on DSMB recommendation, registry-posted results show more disease-progression events on bexotegrast than placebo: 5 of 106 (placebo), 16 of 105 (160 mg) and 25 of 108 (320 mg); Cox hazard ratios versus placebo 3.31 (95% CI 1.21-9.05, p=0.0194) and 5.36 (95% CI 2.05-13.99, p=0.0006). A >=10% absolute FVC decline was also more frequent (odds ratio 3.33, 95% CI 1.03-10.81, p=0.0449 for 160 mg; 3.01, 95% CI 0.91-9.91, p=0.07 for 320 mg). Deaths: 0 of 106, 6 of 105 and 4 of 108; serious adverse events 6, 17 and 21. The week-52 FVC primary endpoint is uninformative because only 1, 1 and 2 participants reached week 52 after early termination.",disease-progression events and mortality,12.0,placebo,E2 disease progression / lung function; E7 survival,False,False,,Diarrhea was the most common TEAE; most participants with diarrhea also received nintedanib.,,,"3 human studies attributed; strongest rct; IPF-only monotherapy randomised: 2 positive, 0 null, 0 harm.",False,"PHASE4 CORRECTION (C23): Phase 2 graded bexotegrast on a phase 2a safety/tolerability trial (PMID 38843105). Results of the terminated phase 2b were posted to ClinicalTrials.gov on 2026-08-05 and were missed by the Phase 2 search, which relied on PubMed. Source: ClinicalTrials.gov results section, NCT06097260, retrieved 2026-09-03.",,
bosentan,I1,6,PHASE4,COMPLETED|UNKNOWN|WITHDRAWN,2,repurposed_approved_drug,False,recruitment_or_operational,competing studies did not allow enrollment,Failed,"two phase 3 randomised trials null on their own primary endpoints (BUILD-1, BUILD-3)",Probable,replicated phase 3 randomised null result,8,4,rct,21474646.0,"No significant difference between treatment groups was observed in the primary endpoint analysis (hazard ratio, 0.85; 95% confidence interval, 0.66-1.10; P=0.2110).",hospital-free survival and overall survival,104.0,no treatment for PH,hospital-free survival and overall survival,False,False,,bosentan was associated with no increase but a trend toward a decrease in adverse events,26843176,38375723,"8 human studies attributed; strongest rct; IPF-only monotherapy randomised: 1 positive, 2 null, 0 harm.",True,Engine read a conflict from a secondary quality-of-life report (PMID 19679600) whose own conclusion was that effects were minimal. Not a positive result; verdict corrected to Failed.,,
breathlessness advice,I3,1,NA/none,COMPLETED,0,supportive_or_symptomatic,False,not_applicable,,Poorly studied,no IPF-specific human outcome evidence retrieved,Unknown,registry-only,0,0,none retrieved,,,,,,,False,False,,,,,"No human study reporting an IPF outcome for this agent was retrieved (PubMed, 2026-09-02).",False,,,
budesonide/formoterol,I3,1,PHASE2,TERMINATED,0,repurposed_approved_drug,False,recruitment_or_operational,Not meeting recruitment targets,Poorly studied,no IPF-specific human outcome evidence retrieved,Unknown,registry-only,0,0,none retrieved,,,,,,,False,False,,,,,"No human study reporting an IPF outcome for this agent was retrieved (PubMed, 2026-09-02).",False,,,
buloxibutid,I3,1,PHASE2,ACTIVE_NOT_RECRUITING,0,investigational_drug,False,not_applicable,,Poorly studied,no IPF-specific human outcome evidence retrieved,Unknown,registry-only,0,0,none retrieved,,,,,,,False,False,,,,,"No human study reporting an IPF outcome for this agent was retrieved (PubMed, 2026-09-02).",False,,,
car-dc (chimeric antigen receptor dendritic cell) therapy,I3,1,PHASE1,NOT_YET_RECRUITING,0,cell_therapy,False,not_applicable,,Poorly studied,no IPF-specific human outcome evidence retrieved,Unknown,registry-only,0,0,none retrieved,,,,,,,False,False,,,,,"No human study reporting an IPF outcome for this agent was retrieved (PubMed, 2026-09-02).",False,,,
carbamazepine,I3,1,PHASE1,COMPLETED,0,repurposed_approved_drug,False,not_applicable,,Poorly studied,no IPF-specific human outcome evidence retrieved,Unknown,registry-only,0,0,none retrieved,,,,,,,False,False,,,,,"No human study reporting an IPF outcome for this agent was retrieved (PubMed, 2026-09-02).",False,,,
carlumab,I1,1,PHASE2,COMPLETED,0,biologic,False,not_applicable,,Harm outweighs benefit,randomised evidence of excess harm in IPF,Probable,randomised harm signal,1,1,rct,26493793.0,"All active treatment groups showed a greater decline in FVC (1 mg·kg(-1) -290 mL, 5 mg·kg(-1) -370 mL and 15 mg·kg(-1) -320 mL) compared with placebo (-130 mL).",rate of percentage change in forced vital capacity (FVC),52.0,placebo,rate of percentage change in forced vital capacity (FVC),False,False,,"A higher proportion of patients with one or more serious adverse events was observed in the 5 mg·kg(-1) group (53.1%) compared with 1 mg·kg(-1) (15.2%), 15 mg·kg(-1) (21.9%) and placebo (46.4%); dosin",,,"1 human studies attributed; strongest rct; IPF-only monotherapy randomised: 0 positive, 0 null, 1 harm.",False,,,
cd3/cd19-negative hematopoietic stem cells,I3,1,PHASE1|2,RECRUITING,0,cell_therapy,False,not_applicable,,Poorly studied,no IPF-specific human outcome evidence retrieved,Unknown,registry-only,0,0,none retrieved,,,,,,,False,False,,,,,"No human study reporting an IPF outcome for this agent was retrieved (PubMed, 2026-09-02).",False,,,
centricyte 1000,I3,1,EARLY_PHASE1,UNKNOWN,0,device_or_procedure,False,not_applicable,,Poorly studied,no IPF-specific human outcome evidence retrieved,Unknown,registry-only,0,0,none retrieved,,,,,,,False,False,,,,,"No human study reporting an IPF outcome for this agent was retrieved (PubMed, 2026-09-02).",False,,,
co-trimoxazole,I1,1,PHASE3,TERMINATED,0,repurposed_approved_drug,False,unknown,Changes in standards of care,Failed,"adequately powered randomised trial, null on the primary time-to-event composite",Probable,"one adequately powered randomised trial (n=342), not independently replicated",4,2,rct,33289822.0,"hazard ratio of 1.2 ([95% CI, 0.9-1.6]; P = .32)",forced vital capacity (FVC),52.0,placebo,forced vital capacity (FVC),False,True,Shulgina 2013 (PMID 23143842) reported no FVC effect but a per-protocol all-cause mortality reduction; EME-TIPAC (PMID 33165623 family) was null on its primary. Logged in the conflicts register.,The use of co-trimoxazole reduced respiratory tract infections but increased the incidence of nausea and rash.,,33974018|34526011,"4 human studies attributed; strongest rct; IPF-only monotherapy randomised: 0 positive, 2 null, 0 harm.",True,PHASE4 CORRECTION (C13): EME-TIPAC (PMID 33289822) was missed by the Phase 2 search; it supersedes the smaller earlier trial as the key result. The per-protocol/adherence question is not settled by it.,,
co-trimoxazole or doxycycline,I3,1,PHASE3,TERMINATED,1,repurposed_approved_drug,False,lack_of_efficacy,Terminated for futility after review of first planned interim analysis.,Failed,"registry label for the CleanUP-IPF antimicrobial strategy; graded via that trial, not as a separate agent",Established,"Established (one pragmatic randomised trial, primary endpoint null)",0,0,none retrieved,33974018.0,"Among adults with idiopathic pulmonary fibrosis, the addition of co-trimoxazole or doxycycline to usual care, compared with usual care alone, did not significantly improve time to nonelective respiratory hospitalization or death.",time to non-elective respiratory hospitalisation or death,,,hospitalisation or death (composite; E10/E11),False,False,,,,,"No human study reporting an IPF outcome for this agent was retrieved (PubMed, 2026-09-02).",True,"Duplicate registry label resolved in the Phase 3 retrieval check (C11): this is the CleanUP-IPF strategy arm, the same evidence as the 'co-trimoxazole' and 'doxycycline' rows. Kept so the registry label resolves, cross-referenced rather than counted as independent evidence.",,
cognitive behavioural therapy,I3,1,NA/none,UNKNOWN,0,non_pharmacological,False,not_applicable,,Poorly studied,no IPF-specific human outcome evidence retrieved,Unknown,registry-only,0,0,none retrieved,,,,,,,False,False,,,,,"No human study reporting an IPF outcome for this agent was retrieved (PubMed, 2026-09-02).",False,,,
cognitive exercise training,I3,1,NA/none,COMPLETED,0,non_pharmacological,False,not_applicable,,Poorly studied,no IPF-specific human outcome evidence retrieved,Unknown,registry-only,0,0,none retrieved,,,,,,,False,False,,,,,"No human study reporting an IPF outcome for this agent was retrieved (PubMed, 2026-09-02).",False,,,
colchicine,I2,0,none (literature-only),,0,,False,not_applicable,,Poorly studied,no IPF-only monotherapy human evidence; appears only in combination or pooled sources,Unknown,attribution not separable,3,0,rct,16611657.0,"In the intent-to-treat population, five out of 32 (15.6%) IFN-gamma-1b patients and seven out of 18 (38.8%) colchicine patients died after a median follow-up period of 25 months",,104.0,colchicine,,True,False,,,12917947|22285287,16611657,"3 human studies attributed; strongest rct; IPF-only monotherapy randomised: 0 positive, 0 null, 0 harm.",False,,,
comprehensive patient support program,I3,1,NA/none,COMPLETED,0,non_pharmacological,False,not_applicable,,Poorly studied,no IPF-specific human outcome evidence retrieved,Unknown,registry-only,0,0,none retrieved,,,,,,,False,False,,,,,"No human study reporting an IPF outcome for this agent was retrieved (PubMed, 2026-09-02).",False,,,
continuous positive airway pressure,I2,2,NA/none,COMPLETED|TERMINATED,0,device_or_procedure,False,recruitment_or_operational,Lack of enrollment,Uncertain,non-randomised or indirect human evidence only,Uncertain,observational or uncontrolled only,3,0,observational_cohort,25028171.0,The good CPAP compliance group (37 patients) showed statistically significant improvement in all quality-of-life and sleep instruments after 1 year's CPAP treatment.,quality-of-life and sleep parameters; mortality,104.0,poor CPAP compliance vs. good CPAP compliance,quality-of-life and sleep parameters; mortality,False,False,,"During the 24-month follow-up period after CPAP initiation, three patients from the CPAP poor compliance group died, whereas all patients from the good CPAP compliance group remained alive.",,20686281,"3 human studies attributed; strongest observational_cohort; IPF-only monotherapy randomised: 0 positive, 0 null, 0 harm.",False,,,
conventional nasal cannula (oxygen delivery),I3,1,NA/none,COMPLETED,0,device_or_procedure,False,not_applicable,,Poorly studied,no IPF-specific human outcome evidence retrieved,Unknown,registry-only,0,0,none retrieved,,,,,,,False,False,,,,,"No human study reporting an IPF outcome for this agent was retrieved (PubMed, 2026-09-02).",False,,,
corticosteroid,I1,7,PHASE3,COMPLETED|RECRUITING|TERMINATED|UNKNOWN|WITHDRAWN,0,repurposed_approved_drug,False,recruitment_or_operational,Not meeting recruitment targets,Harm outweighs benefit,excess mortality in pooled largely observational data; monotherapy has never been randomised in IPF,Uncertain,pooled data predominantly observational; no randomised monotherapy trial retrieved,35,3,rct,40277510.0,"Steroid treatment poses a higher risk, as suggested by the summary measures (RR of 1.78; CI 1.29-2.76, p = 0.00001).",overall mortality,,"prednisone (oral daily, low dose)",overall mortality,False,False,,,23734867|40754799|26843176|35145039|30036496|22654087|18471669|22285287,30566847|16306520|1859050|22607134|41957608|16315778|32476944|37612098|31784348|39164677|24585320|7875264|15738299|25270958,"35 human studies attributed; strongest rct; IPF-only monotherapy randomised: 1 positive, 1 null, 1 harm.",True,"Tier downgraded from Probable: the pooled RR 1.78 (PMID 40277510) rests mainly on observational sources, and the strongest randomised harm evidence is for the triple-therapy combination, graded as its own entity.",,
"corticosteroids, plasma exchange, and rituximab",I3,1,PHASE2,WITHDRAWN,0,other,False,not_applicable,,Duplicate (merged into autoantibody reductive therapy),no IPF-specific human outcome evidence retrieved,Unknown,registry-only,0,0,none retrieved,,,,,,,False,False,,,,,"No human study reporting an IPF outcome for this agent was retrieved (PubMed, 2026-09-02).",True,"PHASE6 A5 (registry-results sweep): a word-order variant of the same regimen created by separate Phase 2 name strings; evidence is carried on the 'autoantibody reductive therapy' and 'plasma exchange, rituximab, and corticosteroids' rows.",autoantibody reductive therapy,
counselling,I3,1,NA/none,COMPLETED,0,non_pharmacological,False,not_applicable,,Poorly studied,no IPF-specific human outcome evidence retrieved,Unknown,registry-only,0,0,none retrieved,,,,,,,False,False,,,,,"No human study reporting an IPF outcome for this agent was retrieved (PubMed, 2026-09-02).",False,,,
cromolyn sodium (RVT-1601),I1,2,PHASE2,TERMINATED,0,investigational_drug,False,not_applicable,COVID-19 Pandemic; Difficulty recruiting; Funding ended; interim analysis provided sufficient data for interpretation.,Failed,larger randomised dose-ranging trial null on the primary cough endpoint,Probable,one phase 2b randomised trial superseding an earlier smaller positive phase 2a trial,1,1,rct,35050837.0,did not provide benefit over placebo for the treatment of chronic cough in patients with IPF,change from baseline to end of treatment in log-transformed 24-hour cough count,12.0,placebo matching inhaled three times daily,change from baseline to end of treatment in log-transformed 24-hour cough count,False,False,,Treatment was generally well tolerated.,,,"1 human studies attributed; strongest rct; IPF-only monotherapy randomised: 0 positive, 1 null, 0 harm.",False,"PHASE4 CORRECTION (C15): the record held only the terminated programme and graded it as stopped without a result. A phase 2a trial of the same inhaled formulation was positive on cough (PMID 28923239) and a larger phase 2b dose-ranging trial was null (PMID 35050837). Superseded, not abandoned before a result.",,
cudetaxestat,I3,1,PHASE2,UNKNOWN,0,investigational_drug,False,not_applicable,,Poorly studied,no IPF-specific human outcome evidence retrieved,Unknown,registry-only,0,0,none retrieved,,,,,,,False,False,,,,,"No human study reporting an IPF outcome for this agent was retrieved (PubMed, 2026-09-02).",False,,,
cyclophosphamide,I1,2,PHASE3,COMPLETED,0,repurposed_approved_drug,False,not_applicable,,Harm outweighs benefit,randomised evidence of excess harm in IPF,Probable,randomised harm signal,9,1,rct,34506761.0,The 3-month all-cause mortality was 45% (27/60) in patients given cyclophosphamide compared with 31% (18/59) in the placebo group (difference 14·5% [95% CI -3·1 to 31·6]; p=0·10).,3-month all-cause mortality,12.0,placebo,3-month all-cause mortality,False,False,,Adverse events similar between groups by 6 months; overall infection was main adverse event (33% cyclophosphamide vs 36% placebo).,12917947|40754799|30036496,26521106|15738299|32476944|7875264,"9 human studies attributed; strongest rct; IPF-only monotherapy randomised: 0 positive, 0 null, 1 harm.",False,,,
cyclosporine,I2,0,none (literature-only),,0,,False,not_applicable,,Poorly studied,no IPF-only monotherapy human evidence; appears only in combination or pooled sources,Unknown,attribution not separable,2,0,rct,26521106.0,"There was no significant difference between the CYA and CPA groups with regard to the change in FVC between baseline and 48 weeks (-0.078L and -0.087L, respectively).",change in forced vital capacity (FVC) between baseline and 48 weeks,48.0,cyclophosphamide with low-dose corticosteroids (and implicit comparison to place,change in forced vital capacity (FVC) between baseline and 48 weeks,True,False,,Neither group differed significantly with regard to incidence of adverse events; both therapies well tolerated and lacked serious adverse effects.,18471669,26521106,"2 human studies attributed; strongest rct; IPF-only monotherapy randomised: 0 positive, 0 null, 0 harm.",False,,,
dabigatran,I2,1,NA/none,UNKNOWN,0,repurposed_approved_drug,False,not_applicable,,Poorly studied,no IPF-only monotherapy human evidence; appears only in combination or pooled sources,Unknown,attribution not separable,1,0,systematic_review,36035947.0,"In patients with sclerosis-associated pulmonary arterial hypertension (SSc-PAH) or idiopathic pulmonary fibrosis (IPF), vitamin K antagonist (warfarin) significantly increased the mortality risk, while DOACs were not.","mortality risk, recurrent embolism events, major bleeding",,warfarin vs DOAC,"mortality risk, recurrent embolism events, major bleeding",True,False,,DOACs have lower risk of major bleeding compared with warfarin; no statistical significance in non-major bleeding.,36035947,,"1 human studies attributed; strongest systematic_review; IPF-only monotherapy randomised: 0 positive, 0 null, 0 harm.",False,,,
daoyin technique,I3,1,NA/none,NOT_YET_RECRUITING,0,non_pharmacological,True,not_applicable,,Poorly studied,no IPF-specific human outcome evidence retrieved,Unknown,registry-only,0,0,none retrieved,,,,,,,False,False,,,,,"No human study reporting an IPF outcome for this agent was retrieved (PubMed, 2026-09-02).",False,Probable duplicate of 'Pulmonary Daoyin (TCM rehabilitation programme)' (PMID 33164264); not merged because the two rows were extracted from different sources and the identity of the practice was not verified. Flagged in Phase 6 action A4.,,
dasatinib,I2,0,none (literature-only),,0,,False,not_applicable,,Poorly studied,no IPF-only monotherapy human evidence; appears only in combination or pooled sources,Unknown,attribution not separable,2,0,rct,36857968.0,"While the placebo arm reported fewer overall non-serious AEs (65 vs 22), there were no serious adverse events related to D + Q.",adverse events and study feasibility,3.0,placebo,adverse events and study feasibility,True,False,,Sleep disturbances and anxiety disproportionately represented in D+Q arm (4/6 vs 0/6); most other AEs common in IPF or anticipated side effects of dasatinib.,,36857968|30616998,"2 human studies attributed; strongest rct; IPF-only monotherapy randomised: 0 positive, 0 null, 0 harm.",False,,,
dasatinib + quercetin,I3,1,PHASE1,COMPLETED,0,investigational_drug,True,not_applicable,,Poorly studied,no IPF-specific human outcome evidence retrieved,Unknown,registry-only,0,0,none retrieved,,,,,,,False,False,,,,,"No human study reporting an IPF outcome for this agent was retrieved (PubMed, 2026-09-02).",False,,,
deupirfenidone,I1,2,PHASE3,ACTIVE_NOT_RECRUITING|RECRUITING,0,investigational_drug,False,not_applicable,,Uncertain,single phase 2b trial positive on a 26-week FVC endpoint; no phase 3 result exists,Probable,"Probable (one randomised phase 2b trial, 26 weeks, Bayesian primary analysis)",1,1,rct,42085224.0,"Posterior mean change in FVC for placebo was -110.71 mL (95% credible interval (CI), -148.75, -70.98), and for the combined deupirfenidone arms was -48.42 mL (95% CI, -87.66, -9.04) with a posterior mean difference of 62.29 mL (95% CI l, -6.13, 115.73; posterior probability, 0.985).","rate of change in FVC at 26 weeks, combined deupirfenidone arms vs placebo",26.0,placebo,rate of FVC decline (E1),False,False,,The most common adverse events for each active treatment arm were gastrointestinal.,,42085224,"1 human studies attributed; strongest rct; IPF-only monotherapy randomised: 0 positive, 0 null, 0 harm.",True,Reclassified from 'Poorly studied' in the Phase 3 retrieval-artefact check (corrections entry C11): the Phase 2 per-entity search had missed the primary report. Graded from the retrieved abstract; full text not read.,,
diet a,I3,1,PHASE1,COMPLETED,0,non_pharmacological,False,not_applicable,,Poorly studied,no IPF-specific human outcome evidence retrieved,Unknown,registry-only,0,0,none retrieved,,,,,,,False,False,,,,,"No human study reporting an IPF outcome for this agent was retrieved (PubMed, 2026-09-02).",False,,,
diet b,I3,1,PHASE1,COMPLETED,0,non_pharmacological,False,not_applicable,,Poorly studied,no IPF-specific human outcome evidence retrieved,Unknown,registry-only,0,0,none retrieved,,,,,,,False,False,,,,,"No human study reporting an IPF outcome for this agent was retrieved (PubMed, 2026-09-02).",False,,,
diet c,I3,1,PHASE1,COMPLETED,0,non_pharmacological,False,not_applicable,,Poorly studied,no IPF-specific human outcome evidence retrieved,Unknown,registry-only,0,0,none retrieved,,,,,,,False,False,,,,,"No human study reporting an IPF outcome for this agent was retrieved (PubMed, 2026-09-02).",False,,,
downhill walking,I3,1,NA/none,RECRUITING,0,non_pharmacological,False,not_applicable,,Poorly studied,no IPF-specific human outcome evidence retrieved,Unknown,registry-only,0,0,none retrieved,,,,,,,False,False,,,,,"No human study reporting an IPF outcome for this agent was retrieved (PubMed, 2026-09-02).",False,,,
doxycycline,I2,0,none (literature-only),,0,,False,not_applicable,,Poorly studied,no IPF-only monotherapy human evidence; appears only in combination or pooled sources,Unknown,attribution not separable,2,0,rct,33974018.0,"After a mean follow-up time of 13.1 months (median, 12.7 months), a total of 108 primary end point events occurred: 52 events (20.4 events per 100 patient-years [95% CI, 14.8-25.9]) in the usual care plus antimicrobial therapy group and 56 events (18.4 events per 100 patient-years [95% CI, 13.2-23.6]) in the usual care group, with no significant difference between groups (adjusted HR, 1.04 [95% CI, 0.71-1.53; P = .83].",time to first nonelective respiratory hospitalization or all-cause mortality,65.7,usual care alone,time to first nonelective respiratory hospitalization or all-cause mortality,True,False,,"Serious adverse events ≥5%: respiratory events (16.5% vs 10.0%), diarrhea (10.2% vs 3.1%), rash (6.7% vs 0%); infections higher in usual care (2.8% vs 6.6%).",,33974018|34526011,"2 human studies attributed; strongest rct; IPF-only monotherapy randomised: 0 positive, 0 null, 0 harm.",False,,,
dry powder inhaler,I3,1,PHASE2,RECRUITING,0,device_or_procedure,False,not_applicable,,Poorly studied,no IPF-specific human outcome evidence retrieved,Unknown,registry-only,0,0,none retrieved,,,,,,,False,False,,,,,"No human study reporting an IPF outcome for this agent was retrieved (PubMed, 2026-09-02).",False,,,
education,I2,1,NA/none,COMPLETED,1,non_pharmacological,False,not_applicable,,Poorly studied,no IPF-only monotherapy human evidence; appears only in combination or pooled sources,Unknown,attribution not separable,1,0,meta_analysis,39440394.0,"PR improved functional capacity (6MWT-MD 45.82 m, 95%CI [26.14; 65.50], I2 = 71.54%, p < .001; 30-s STS- PR: 3.7 ± 2.6 reps; control group: -0.4 ± 2.5 reps, p < .001) compared to usual care.",functional capacity (6-minute walk test distance) and functional performance (physical activity levels),15.0,usual care,functional capacity (6-minute walk test distance) and functional performance (physical activity levels),True,False,,,,39440394,"1 human studies attributed; strongest meta_analysis; IPF-only monotherapy randomised: 0 positive, 0 null, 0 harm.",False,,,
egcg,I2,2,PHASE1,COMPLETED,1,traditional_herbal_or_natural_product,True,not_applicable,,Poorly studied,no IPF-only monotherapy human evidence; appears only in combination or pooled sources,Unknown,attribution not separable,1,0,non_randomised_trial,38980870.0,EGCG downregulated TGF-β1 signaling and several proinflammatory and stress pathways in biopsy samples.,TGF-β1 signaling and epithelial metaplasia markers in lung tissue,,untreated controls,TGF-β1 signaling and epithelial metaplasia markers in lung tissue,True,False,,,,,"1 human studies attributed; strongest non_randomised_trial; IPF-only monotherapy randomised: 0 positive, 0 null, 0 harm.",False,,,
egcg + nintedanib,I3,1,PHASE1,COMPLETED,0,other,True,not_applicable,,Poorly studied,no IPF-specific human outcome evidence retrieved,Unknown,registry-only,0,0,none retrieved,,,,,,,False,False,,,,,"No human study reporting an IPF outcome for this agent was retrieved (PubMed, 2026-09-02).",False,,,
egcg + pirfenidone,I3,1,PHASE1,COMPLETED,0,other,True,not_applicable,,Poorly studied,no IPF-specific human outcome evidence retrieved,Unknown,registry-only,0,0,none retrieved,,,,,,,False,False,,,,,"No human study reporting an IPF outcome for this agent was retrieved (PubMed, 2026-09-02).",False,,,
etanercept,I1,1,PHASE2,COMPLETED,0,biologic,False,not_applicable,,Uncertain,null result that size or phase cannot make decisive,Uncertain,underpowered null,3,1,rct,18669816.0,"At 48 weeks, no significant differences in efficacy endpoints were observed between the groups.","changes in percentage of predicted FVC, lung diffusing capacity for carbon monoxide corrected for hemoglobin (DLCO(Hb)), and change in alveolar to arterial oxyg",48.0,placebo,"changes in percentage of predicted FVC, lung diffusing capacity for carbon monoxide corrected for hemoglobin (DLCO(Hb)),",False,False,,well tolerated; no difference in adverse events between treatment groups,,25270958,"3 human studies attributed; strongest rct; IPF-only monotherapy randomised: 0 positive, 1 null, 0 harm.",False,,,
fludarabine,I3,1,PHASE1|2,RECRUITING,0,repurposed_approved_drug,False,not_applicable,,Poorly studied,no IPF-specific human outcome evidence retrieved,Unknown,registry-only,0,0,none retrieved,,,,,,,False,False,,,,,"No human study reporting an IPF outcome for this agent was retrieved (PubMed, 2026-09-02).",False,,,
fresolimumab,I3,1,PHASE1,COMPLETED,0,biologic,False,not_applicable,,Poorly studied,no IPF-specific human outcome evidence retrieved,Unknown,registry-only,0,0,none retrieved,,,,,,,False,False,,,,,"No human study reporting an IPF outcome for this agent was retrieved (PubMed, 2026-09-02).",False,,,
garadacimab,I3,1,PHASE2,COMPLETED,1,biologic,False,not_applicable,,Poorly studied,no IPF-specific human outcome evidence retrieved,Unknown,registry-only,0,0,none retrieved,,,,,,,False,False,,,,,"No human study reporting an IPF outcome for this agent was retrieved (PubMed, 2026-09-02).",True,PHASE6 A5 (registry-results sweep): posted results exist but the primary endpoint is safety and tolerability; grading unchanged.,,"yes - posted registry results only, no publication located in this sweep"
gefapixant,I3,2,PHASE2,COMPLETED,2,repurposed_approved_drug,False,not_applicable,,Failed,randomised placebo-controlled crossover trial null on the primary objective cough-frequency endpoint,Probable,"one randomised crossover trial, published",2,1,rct,34152585.0,The change from baseline in awake cough frequency from periods 1 and 2 combined (mixed model for repeated measures analysis) did not demonstrate a significant reduction versus placebo in cough at day 14 (p = 0.90); in a post hoc analysis of log-transformed data p value for reduction versus placebo at day 14 was 0.07.,change from baseline in awake objective cough frequency (coughs/hour),2.0,placebo period of the same patients,E9 cough / symptom burden,False,False,,'The most common AEs were related to taste (dysgeusia and ageusia)' (PMID 34152585),,,"No human study reporting an IPF outcome for this agent was retrieved (PubMed, 2026-09-02).",True,"PHASE6 A5 (registry-results sweep): corrected from 'Poorly studied - no IPF-specific human outcome evidence'. Published in Pulm Ther 2021 (PMID 34152585) - a Phase 2 literature-search miss. 51 randomised, 44 in the primary efficacy analysis after a protocol amendment excluded 7; registry MMRM difference -2.5 coughs/hour (95% CI -10.1 to 5.1, p=0.5096).",,
gemfibrozil,I3,1,PHASE1,COMPLETED,0,repurposed_approved_drug,False,not_applicable,,Poorly studied,no IPF-specific human outcome evidence retrieved,Unknown,registry-only,0,0,none retrieved,,,,,,,False,False,,,,,"No human study reporting an IPF outcome for this agent was retrieved (PubMed, 2026-09-02).",False,,,
granulocyte colony-stimulating factor (g-csf),I3,1,PHASE1|2,RECRUITING,0,biologic,False,not_applicable,,Poorly studied,no IPF-specific human outcome evidence retrieved,Unknown,registry-only,0,0,none retrieved,,,,,,,False,False,,,,,"No human study reporting an IPF outcome for this agent was retrieved (PubMed, 2026-09-02).",False,,,
hicardi+,I3,1,NA/none,UNKNOWN,0,other,False,not_applicable,,Poorly studied,no IPF-specific human outcome evidence retrieved,Unknown,registry-only,0,0,none retrieved,,,,,,,False,False,,,,,"No human study reporting an IPF outcome for this agent was retrieved (PubMed, 2026-09-02).",False,,,
hydroxyurea,I3,1,PHASE1|2,RECRUITING,0,repurposed_approved_drug,False,not_applicable,,Poorly studied,no IPF-specific human outcome evidence retrieved,Unknown,registry-only,0,0,none retrieved,,,,,,,False,False,,,,,"No human study reporting an IPF outcome for this agent was retrieved (PubMed, 2026-09-02).",False,,,
hymecromone,I3,1,PHASE2,RECRUITING,0,repurposed_approved_drug,False,not_applicable,,Poorly studied,no IPF-specific human outcome evidence retrieved,Unknown,registry-only,0,0,none retrieved,,,,,,,False,False,,,,,"No human study reporting an IPF outcome for this agent was retrieved (PubMed, 2026-09-02).",False,,,
hyperoxia,I2,1,NA/none,RECRUITING,0,non_pharmacological,False,not_applicable,,Poorly studied,no IPF-only monotherapy human evidence; appears only in combination or pooled sources,Unknown,attribution not separable,1,0,non_randomised_trial,23246672.0,"IPF patients did not regulate exertional acidosis by ventilatory compensation to stop exercise, resulting in reaching a specific pH.",exertional acidosis regulation and dyspnea threshold during exercise under different oxygen conditions,,compressed air vs. hyperoxia,exertional acidosis regulation and dyspnea threshold during exercise under different oxygen conditions,True,False,,,,23246672,"1 human studies attributed; strongest non_randomised_trial; IPF-only monotherapy randomised: 0 positive, 0 null, 0 harm.",False,,,
ianalumab (VAY736),I3,1,PHASE2,TERMINATED,1,biologic,False,regulatory_or_commercial,Sponsor decision,Uncertain,null result that size or phase cannot make decisive,Uncertain,"small randomised trial terminated early, registry-posted only",1,1,rct,,"NCT03287414 (Novartis, n=30, terminated - Sponsor decision) primary endpoint change in FVC to end of the 48-week treatment epoch: VAY736 +0.039 L versus placebo -0.023 L; LS mean difference 0.063 L (95% CI -0.115 to 0.241, p=0.3248, MMRM).","change in FVC (L), baseline to 48 weeks",48.0,-0.023 L (placebo),E2 disease progression / lung function,False,False,,,,,"No human study reporting an IPF outcome for this agent was retrieved (PubMed, 2026-09-02).",True,PHASE6 A5 (registry-results sweep): corrected from 'Poorly studied - no IPF-specific human outcome evidence'.,,yes - no results publication found in PubMed
idelalisib,I3,1,PHASE2,ACTIVE_NOT_RECRUITING,0,repurposed_approved_drug,False,not_applicable,,Poorly studied,no IPF-specific human outcome evidence retrieved,Unknown,registry-only,0,0,none retrieved,,,,,,,False,False,,,,,"No human study reporting an IPF outcome for this agent was retrieved (PubMed, 2026-09-02).",False,,,
ifenprodil,I3,1,PHASE2,COMPLETED,0,investigational_drug,False,not_applicable,,Poorly studied,no IPF-specific human outcome evidence retrieved,Unknown,registry-only,0,0,none retrieved,,,,,,,False,False,,,,,"No human study reporting an IPF outcome for this agent was retrieved (PubMed, 2026-09-02).",False,,,
ifetroban,I3,1,PHASE2,RECRUITING,0,investigational_drug,False,not_applicable,,Poorly studied,no IPF-specific human outcome evidence retrieved,Unknown,registry-only,0,0,none retrieved,,,,,,,False,False,,,,,"No human study reporting an IPF outcome for this agent was retrieved (PubMed, 2026-09-02).",False,,,
imatinib,I1,1,PHASE2|3,COMPLETED,0,repurposed_approved_drug,False,not_applicable,,Uncertain,null result that size or phase cannot make decisive,Uncertain,underpowered null,3,1,rct,20007927.0,"Over 96 weeks of follow-up, imatinib did not differ significantly from placebo (log rank P = 0.89) for the primary endpoint defined as time to disease progression (10% decline in percent predicted FVC from baseline) or time to death.",time to disease progression (10% decline in percent predicted FVC from baseline) or time to death,96.0,placebo,time to disease progression (10% decline in percent predicted FVC from baseline) or time to death,False,False,,Serious adverse events not more common in imatinib group (18 SAEs in 17 patients vs 19 SAEs in 18 patients); 8 deaths in imatinib group vs 10 in placebo group (P = 0.64).,26843176|38281037,,"3 human studies attributed; strongest rct; IPF-only monotherapy randomised: 0 positive, 1 null, 0 harm.",False,,,
inhaled TD139,I3,1,PHASE1|2,COMPLETED,1,investigational_drug,False,not_applicable,,Duplicate (merged into GB0139),"same molecule as GB0139; retained for provenance only, not counted separately",Unknown,registry-only,0,0,none retrieved,,"Phase 1/2a randomised placebo-controlled target-engagement study of inhaled TD139 in 36 healthy subjects and 24 patients with IPF (PMID 33214209); safety/PK/PD endpoints, no clinical outcome endpoint.",,,,,False,False,,,,,"No human study reporting an IPF outcome for this agent was retrieved (PubMed, 2026-09-02).",True,PHASE6 A5 (registry-results sweep): TD139 is the development code for GB0139; the two rows were created by separate name strings in Phase 2. Evidence is carried on the GB0139 row.,GB0139,
inhaled carbon monoxide,I1,1,PHASE2,COMPLETED,1,investigational_drug,False,not_applicable,,Uncertain,null result that size or phase cannot make decisive,Uncertain,underpowered null,1,1,rct,29100885.0,"the change in MMP7 concentrations after 12 weeks of treatment did not significantly differ between the study arms (MMP7 difference at week 12, -0.90 ng/mL; 95% CI, -4.18 to 2.38 ng/mL).",difference in change in matrix metalloproteinase-7 (MMP7) serum concentration after 12 weeks of treatment,12.0,inhaled 21% oxygen (sham control),difference in change in matrix metalloproteinase-7 (MMP7) serum concentration after 12 weeks of treatment,False,False,,Inhaled CO is well tolerated and can be safely administered to patients with IPF in the ambulatory setting; no differences in distribution of adverse events between treatment arms.,,,"1 human studies attributed; strongest rct; IPF-only monotherapy randomised: 0 positive, 1 null, 0 harm.",False,,,
inhaled iloprost,I3,1,PHASE2,COMPLETED,0,repurposed_approved_drug,False,not_applicable,,Poorly studied,no IPF-specific human outcome evidence retrieved,Unknown,registry-only,0,0,none retrieved,,,,,,,False,False,,,,,"No human study reporting an IPF outcome for this agent was retrieved (PubMed, 2026-09-02).",False,,,
inhaled nintedanib,I3,2,PHASE2,COMPLETED|RECRUITING,0,investigational_drug,False,not_applicable,,Poorly studied,no IPF-specific human outcome evidence retrieved,Unknown,registry-only,0,0,none retrieved,,,,,,,False,False,,,,,"No human study reporting an IPF outcome for this agent was retrieved (PubMed, 2026-09-02).",False,,,
inhaled nitric oxide,I1,2,PHASE2,COMPLETED,0,repurposed_approved_drug,False,not_applicable,,Poorly studied,no IPF-only monotherapy human evidence; appears only in combination or pooled sources,Unknown,attribution not separable,1,0,rct,32092321.0,"During blinded treatment, iNO30 subjects showed an average improvement in moderate/vigorous physical activity (MVPA) and remained stable in overall activity. Placebo subjects showed an average drop of 26% in MVPA and a 12% drop in overall activity.",moderate/vigorous physical activity (MVPA) and overall activity measured by activity monitoring,8.0,placebo,moderate/vigorous physical activity (MVPA) and overall activity measured by activity monitoring,True,False,,"Inhaled nitric oxide at all doses (30, 45, and 75 μg/kg/h) was safe and well tolerated.",,,"1 human studies attributed; strongest rct; IPF-only monotherapy randomised: 0 positive, 0 null, 0 harm.",False,,,
inhaled treprostinil,I1,6,PHASE3,COMPLETED|ENROLLING_BY_INVITATION|TERMINATED,2,repurposed_approved_drug,False,recruitment_or_operational,Lack of enrollment to the trial. Very difficult population to recruit.,Works,"phase 3 randomised evidence, graded on its own endpoint only",Probable,"randomised, endpoint-specific",3,2,rct,41812190.0,"The median change in FVC at week 52 was -49.9 ml (95% confidence interval [CI], -79.2 to -19.5) in the treprostinil group and -136.4 ml (95% CI, -172.5 to -104.0) in the placebo group; the between-group difference in the change in FVC was 95.6 ml (95% CI, 52.2 to 139.0; P<0.001).",change from baseline in absolute forced vital capacity (FVC) at week 52,52.0,placebo,change from baseline in absolute forced vital capacity (FVC) at week 52,True,False,,Most common adverse event was cough (48.3% treprostinil vs 24.1% placebo); 33.6% of treprostinil group discontinued due to adverse events.,,,"3 human studies attributed; strongest rct; IPF-only monotherapy randomised: 2 positive, 0 null, 0 harm.",True,PHASE6 A5 (registry-results sweep): the trial with posted results (NCT00705133) enrolled interstitial lung disease with pulmonary hypertension rather than an IPF-specific population; labelled indirect for IPF purposes.,,
inspiratory muscle training,I1,2,NA/none,COMPLETED,0,non_pharmacological,False,not_applicable,,Uncertain,positive randomised signal below phase 3,Uncertain,early-phase or single randomised source,4,1,rct,39129185.0,"There were significant increases in the intervention group compared to the control group based on 6MWD (p < 0.001, η2 effect size = 0.43), MIP (p = 0.006, η2 effect size = 0.25) and MIP % predicted (p = 0.008, η2 effect size = 0.25).","Dyspnoea perception (mMRC score), functional exercise capacity (6MWD), inspiratory muscle strength (MIP)",8.0,Inspiratory muscle training without applied resistance,"Dyspnoea perception (mMRC score), functional exercise capacity (6MWD), inspiratory muscle strength (MIP)",False,False,,,,31487757|18843927,"4 human studies attributed; strongest rct; IPF-only monotherapy randomised: 1 positive, 0 null, 0 harm.",False,,,
integrated precision medicine platform,I3,1,NA/none,NOT_YET_RECRUITING,0,other,False,not_applicable,,Poorly studied,no IPF-specific human outcome evidence retrieved,Unknown,registry-only,0,0,none retrieved,,,,,,,False,False,,,,,"No human study reporting an IPF outcome for this agent was retrieved (PubMed, 2026-09-02).",False,,,
interferon alpha,I3,1,PHASE2,TERMINATED,0,biologic,False,recruitment_or_operational,Insufficient patient accrual,Poorly studied,no IPF-specific human outcome evidence retrieved,Unknown,registry-only,0,0,none retrieved,,,,,,,False,False,,,,,"No human study reporting an IPF outcome for this agent was retrieved (PubMed, 2026-09-02).",False,,,
interferon alpha (oral),I3,1,PHASE2,COMPLETED,1,biologic,False,not_applicable,,Poorly studied,no IPF-specific human outcome evidence retrieved,Unknown,registry-only,0,0,none retrieved,,,,,,,False,False,,,,,"No human study reporting an IPF outcome for this agent was retrieved (PubMed, 2026-09-02).",True,"PHASE6 A5 (registry-results sweep): posted results exist (NCT01442779, n=18) but the study is single-arm with no comparator; 12 participants recorded as having minimal or no disease progression. No comparative signal; grading unchanged.",,"yes - posted registry results only, no publication located in this sweep"
interferon gamma-1b,I1,7,PHASE3,COMPLETED|TERMINATED,0,biologic,False,lack_of_efficacy,Study design changes were needed based on GIPF-001 results; program discontinued based on GIPF-007 results; test drug showed lack of benefit at interim analysis,Failed,"adequately sized randomised evidence, null",Probable,randomised null result,6,1,rct,14711911.0,"Over a median of 58 weeks, interferon gamma-1b therapy did not significantly affect the primary end point of progression-free survival, defined as the time to disease progression or death, and no significant treatment effect was observed on measures of lung function, gas exchange, or the quality of life.",progression-free survival (time to disease progression or death),58.0,placebo,progression-free survival (time to disease progression or death),False,False,,10% mortality in interferon gamma-1b group vs 17% in placebo (P=0.08); more frequent constitutional symptoms and pneumonias with interferon gamma-1b; similar rates of severe or life-threatening respir,23734867,16611657|16315778,"6 human studies attributed; strongest rct; IPF-only monotherapy randomised: 0 positive, 1 null, 0 harm.",True,"Registry termination text keyword-classified incorrectly; both programmes stopped after prespecified futility/interim analyses (lack of efficacy), not for the class the keyword matched.",,
intrapulmonary percussive ventilation,I3,1,NA/none,COMPLETED,0,device_or_procedure,False,not_applicable,,Poorly studied,no IPF-specific human outcome evidence retrieved,Unknown,registry-only,0,0,none retrieved,,,,,,,False,False,,,,,"No human study reporting an IPF outcome for this agent was retrieved (PubMed, 2026-09-02).",False,,,
intravenous immunoglobulin,I1,2,PHASE3,NOT_YET_RECRUITING|RECRUITING,0,biologic,False,not_applicable,,Uncertain,non-randomised or indirect human evidence only,Uncertain,observational or uncontrolled only,4,1,rct,42164489.0,,composite of all-cause in-hospital mortality or the need for intubation,,usual care,composite of all-cause in-hospital mortality or the need for intubation,False,False,,,,26083430,"4 human studies attributed; strongest rct; IPF-only monotherapy randomised: 0 positive, 0 null, 0 harm.",False,,,
itraconazole,I2,1,PHASE1,COMPLETED,0,repurposed_approved_drug,False,not_applicable,,Poorly studied,no IPF-only monotherapy human evidence; appears only in combination or pooled sources,Unknown,attribution not separable,1,0,non_randomised_trial,41253600.0,"A single rifampin 600 mg dose caused 1.48-fold and 1.86-fold increases in fipaxalparant Cmax and AUC0-∞, respectively.",drug-drug interactions between fipaxalparant and concomitant medications,,,drug-drug interactions between fipaxalparant and concomitant medications,True,False,,Treatment-emergent adverse events were mild/moderate with fipaxalparant alone or with the other study drugs.,41253600,,"1 human studies attributed; strongest non_randomised_trial; IPF-only monotherapy randomised: 0 positive, 0 null, 0 harm.",False,,,
jaktinib (oral),I3,1,PHASE2,COMPLETED,0,investigational_drug,False,not_applicable,,Poorly studied,no IPF-specific human outcome evidence retrieved,Unknown,registry-only,0,0,none retrieved,,,,,,,False,False,,,,,"No human study reporting an IPF outcome for this agent was retrieved (PubMed, 2026-09-02).",False,,,
jin-shui huan-xian granule,I3,2,NA/none,NOT_YET_RECRUITING|UNKNOWN,0,traditional_herbal_or_natural_product,True,not_applicable,,Poorly studied,no IPF-specific human outcome evidence retrieved,Unknown,registry-only,0,0,none retrieved,,,,,,,False,False,,,,,"No human study reporting an IPF outcome for this agent was retrieved (PubMed, 2026-09-02).",False,,,
lansoprazole,I3,1,PHASE3,RECRUITING,0,repurposed_approved_drug,False,not_applicable,,Poorly studied,no IPF-specific human outcome evidence retrieved,Unknown,registry-only,0,0,none retrieved,,,,,,,False,False,,,,,"No human study reporting an IPF outcome for this agent was retrieved (PubMed, 2026-09-02).",False,,,
lebrikizumab,I1,1,PHASE2,COMPLETED,1,biologic,False,not_applicable,,Poorly studied,no IPF-only monotherapy human evidence; appears only in combination or pooled sources,Unknown,attribution not separable,1,0,rct,33008934.0,"The primary endpoint (annualised rate of FVC % predicted decline) was not met in cohort A (lebrikizumab versus placebo, -5.2% versus -6.2%; p=0.456) or cohort B (lebrikizumab versus placebo, -5.5% versus -6.0%; p=0.557).",annualised rate of FVC % predicted decline over 52 weeks,52.0,placebo,annualised rate of FVC % predicted decline over 52 weeks,True,False,,The safety profile was consistent with that in previous studies of lebrikizumab and pirfenidone as monotherapies; well tolerated with a favourable safety profile.,,33008934,"1 human studies attributed; strongest rct; IPF-only monotherapy randomised: 0 positive, 0 null, 0 harm.",False,,,
leramistat,I3,1,PHASE2,WITHDRAWN,0,investigational_drug,False,recruitment_or_operational,Due to slow initial recruitment and a lack of confidence in our ability to complete recruitment within the forecasted timeframe.,Poorly studied,no IPF-specific human outcome evidence retrieved,Unknown,registry-only,0,0,none retrieved,,,,,,,False,False,,,,,"No human study reporting an IPF outcome for this agent was retrieved (PubMed, 2026-09-02).",False,,,
letermovir,I3,1,PHASE2,COMPLETED,1,repurposed_approved_drug,False,not_applicable,,Poorly studied,no IPF-specific human outcome evidence retrieved,Unknown,registry-only,0,0,none retrieved,,,,,,,False,False,,,,,"No human study reporting an IPF outcome for this agent was retrieved (PubMed, 2026-09-02).",True,"PHASE6 A5 (registry-results sweep): the trial with posted results (NCT05041426) is cytomegalovirus prophylaxis after lung transplantation, not treatment of IPF; retained only because the registry condition field lists IPF. Out of the IPF treatment scope.",,"yes - posted registry results only, no publication located in this sweep"
leukapheresis,I3,1,PHASE1,NOT_YET_RECRUITING,0,device_or_procedure,False,not_applicable,,Poorly studied,no IPF-specific human outcome evidence retrieved,Unknown,registry-only,0,0,none retrieved,,,,,,,False,False,,,,,"No human study reporting an IPF outcome for this agent was retrieved (PubMed, 2026-09-02).",False,,,
liberase enzyme,I3,1,EARLY_PHASE1,UNKNOWN,0,device_or_procedure,False,not_applicable,,Poorly studied,no IPF-specific human outcome evidence retrieved,Unknown,registry-only,0,0,none retrieved,,,,,,,False,False,,,,,"No human study reporting an IPF outcome for this agent was retrieved (PubMed, 2026-09-02).",False,,,
losartan,I1,2,PHASE2|3,COMPLETED|TERMINATED,2,repurposed_approved_drug,False,regulatory_or_commercial,Funding was withdrawn.,Uncertain,non-randomised or indirect human evidence only,Uncertain,observational or uncontrolled only,1,0,non_randomised_trial,22810758.0,Twelve patients had a stable or improved %FVC at study month 12.,change in percentage of predicted forced vital capacity (%FVC) after 12 months,52.0,,change in percentage of predicted forced vital capacity (%FVC) after 12 months,False,False,,No treatment-related adverse events that resulted in early study discontinuation were reported.,,,"1 human studies attributed; strongest non_randomised_trial; IPF-only monotherapy randomised: 0 positive, 0 null, 0 harm.",False,,,
lung spheroid stem cells,I3,1,PHASE1,ACTIVE_NOT_RECRUITING,0,cell_therapy,False,not_applicable,,Poorly studied,no IPF-specific human outcome evidence retrieved,Unknown,registry-only,0,0,none retrieved,,,,,,,False,False,,,,,"No human study reporting an IPF outcome for this agent was retrieved (PubMed, 2026-09-02).",False,,,
lung stem cells,I3,1,PHASE1|2,COMPLETED,0,cell_therapy,False,not_applicable,,Poorly studied,no IPF-specific human outcome evidence retrieved,Unknown,registry-only,0,0,none retrieved,,,,,,,False,False,,,,,"No human study reporting an IPF outcome for this agent was retrieved (PubMed, 2026-09-02).",False,,,
macitentan,I1,2,PHASE2,COMPLETED|WITHDRAWN,1,repurposed_approved_drug,False,trial_design,Due to Protocol AC-055B201 (MUSIC) not meeting it's primary end point,Uncertain,null result that size or phase cannot make decisive,Uncertain,underpowered null,2,1,rct,23682110.0,The median change from baseline up to month 12 in forced vital capacity was -0.20 L in the macitentan arm and -0.20 L in the placebo arm.,forced vital capacity change from baseline to month 12,52.0,placebo,forced vital capacity change from baseline to month 12,False,False,,Alanine and/or aspartate aminotransferase elevations over three times upper limit of normal arose in 3.4% of macitentan-treated subjects and 5.1% of placebo recipients; well tolerated.,26843176,,"2 human studies attributed; strongest rct; IPF-only monotherapy randomised: 0 positive, 1 null, 0 harm.",False,,,
maralixibat,I3,1,PHASE2|3,RECRUITING,0,repurposed_approved_drug,False,not_applicable,,Poorly studied,no IPF-specific human outcome evidence retrieved,Unknown,registry-only,0,0,none retrieved,,,,,,,False,False,,,,,"No human study reporting an IPF outcome for this agent was retrieved (PubMed, 2026-09-02).",False,,,
mesenchymal stem cells,I1,7,PHASE1|2,COMPLETED|TERMINATED|UNKNOWN,1,cell_therapy,False,unknown,Study completed,Uncertain,"randomised human data on a non-clinical primary endpoint (safety, pharmacokinetic, deposition, feasibility or mechanistic); no clinical outcome signal",Uncertain,early-phase or single randomised source,3,2,rct,27890713.0,No treatment-emergent serious adverse events were reported.,"incidence of treatment-emergent serious adverse events (death, nonfatal pulmonary embolism, stroke, hospitalization for worsening dyspnea, clinically significan",60.0,,"incidence of treatment-emergent serious adverse events (death, nonfatal pulmonary embolism, stroke, hospitalization for ",False,False,,Two non-treatment-related deaths occurred due to IPF progression; mild to moderate decline in FVC and DLCO observed,,,"3 human studies attributed; strongest rct; IPF-only monotherapy randomised: 2 positive, 0 null, 0 harm.",False,"PHASE4 CORRECTION (C16): previously labelled 'positive randomised signal below phase 3'. The trial's primary endpoint is not a clinical outcome, so the row carries no efficacy signal.",,
metformin,I1,1,PHASE3,NOT_YET_RECRUITING,0,repurposed_approved_drug,False,not_applicable,,Uncertain,"observational human evidence only, null",Uncertain,retrospective cohort; no randomised IPF trial retrieved,2,1,rct,30025392.0,The unadjusted 1-year analyses demonstrated no significant differences in disease progression or other outcomes.,"disease progression (FVC decline ≥10%, 6MWD decline ≥50 m, or death)",,"no metformin (placebo arm, post hoc analysis)","disease progression (FVC decline ≥10%, 6MWD decline ≥50 m, or death)",False,False,,,,,"2 human studies attributed; strongest rct; IPF-only monotherapy randomised: 0 positive, 1 null, 0 harm.",True,Extraction labelled PMID 30025392 an RCT; it is a retrospective cohort analysis (unadjusted 1-year comparison). Verdict downgraded from Failed to Uncertain because no adequately sized randomised test exists.,,
methylprednisolone/prednisone,I3,1,PHASE3,RECRUITING,0,repurposed_approved_drug,False,not_applicable,,Poorly studied,no IPF-specific human outcome evidence retrieved,Unknown,registry-only,0,0,none retrieved,,,,,,,False,False,,,,,"No human study reporting an IPF outcome for this agent was retrieved (PubMed, 2026-09-02).",False,,,
minocycline,I3,1,PHASE3,UNKNOWN,0,repurposed_approved_drug,False,not_applicable,,Poorly studied,no IPF-specific human outcome evidence retrieved,Unknown,registry-only,0,0,none retrieved,,,,,,,False,False,,,,,"No human study reporting an IPF outcome for this agent was retrieved (PubMed, 2026-09-02).",False,,,
montelukast,I3,1,PHASE2,TERMINATED,0,repurposed_approved_drug,False,recruitment_or_operational,Not meeting recruitment targets,Poorly studied,no IPF-specific human outcome evidence retrieved,Unknown,registry-only,0,0,none retrieved,,,,,,,False,False,,,,,"No human study reporting an IPF outcome for this agent was retrieved (PubMed, 2026-09-02).",False,,,
morphine,I1,2,PHASE3,COMPLETED|UNKNOWN,1,supportive_or_symptomatic,False,not_applicable,,Uncertain,"positive 14-day crossover trial (n=44), cough dimension; durability untested",Uncertain,single small short-duration randomised trial,4,2,rct,38237620.0,morphine reduced objective awake cough frequency by 39·4% (95% CI -54·4 to -19·4; p=0·0005) compared with placebo.,percentage change in objective awake cough frequency (coughs per hour) from baseline at day 14,2.29,placebo,symptoms - cough (E9),False,False,,Adverse events in 40% of morphine group vs 14% of placebo group; main side-effects were nausea (14%) and constipation (21%); one death occurred in placebo group.,27764523,,"4 human studies attributed; strongest rct; IPF-only monotherapy randomised: 1 positive, 0 null, 0 harm.",True,Downgraded from Works: registry phase label overstated a 44-patient 14-day crossover trial. Effect on cough frequency is the only licensed claim.,,
motivational interviewing,I3,1,NA/none,NOT_YET_RECRUITING,0,non_pharmacological,False,not_applicable,,Poorly studied,no IPF-specific human outcome evidence retrieved,Unknown,registry-only,0,0,none retrieved,,,,,,,False,False,,,,,"No human study reporting an IPF outcome for this agent was retrieved (PubMed, 2026-09-02).",False,,,
multidisciplinary rehabilitation and education program,I3,1,NA/none,TERMINATED,0,non_pharmacological,False,lack_of_efficacy,Study considered futile,Poorly studied,no IPF-specific human outcome evidence retrieved,Unknown,registry-only,0,0,none retrieved,,,,,,,False,False,,,,,"No human study reporting an IPF outcome for this agent was retrieved (PubMed, 2026-09-02).",False,,,
n-acetylcysteine,I1,5,PHASE3,COMPLETED|WITHDRAWN,2,repurposed_approved_drug,False,recruitment_or_operational,The study encountered challenges during startup due to the COVID-19 epidemic and was withdrawn.,Failed,"monotherapy null in an adequately sized randomised arm (PANTHER-IPF NAC arm, n=264)",Probable,randomised null result,18,2,rct,24836309.0,"At 60 weeks, there was no significant difference in the change in FVC between the acetylcysteine group and the placebo group (-0.18 liters and -0.19 liters, respectively; P=0.77).",change in FVC over 60 weeks,60.0,placebo,"Change in forced vital capacity, percentage of predicted vital capacity, percentage of predicted carbon monoxide diffusi",False,True,"Post hoc pharmacogenomic and telomere-length subgroup analyses of the same trial data report differential effects (PMID 30566847 and the TOLLIP hypothesis behind NCT04300920); logged as an unresolved subgroup question (UN11), not as a positive result.","No significant differences in rates of death (4.9% vs. 2.5%, P=0.30) or acute exacerbation (2.3% in each group, P>0.99); three-drug regimen arm discontinued due to safety concerns.",38281037|35245333|35145039|26843176|41808863|25760991|25410822,16306520|22607134|26496265|32703779|30566847|28039616|28287346|27481628|25927225,"18 human studies attributed; strongest rct; IPF-only monotherapy randomised: 0 positive, 1 null, 0 harm.",True,"Monotherapy is graded separately from the triple-therapy combination entity. Harm belongs to the combination, not to NAC alone; the NAC arm was null.",,
nandrolone decanoate,I3,1,PHASE1|2,COMPLETED,0,repurposed_approved_drug,False,not_applicable,,Poorly studied,no IPF-specific human outcome evidence retrieved,Unknown,registry-only,0,0,none retrieved,,,,,,,False,False,,,,,"No human study reporting an IPF outcome for this agent was retrieved (PubMed, 2026-09-02).",False,,,
nebivolol,I3,1,PHASE1,COMPLETED,0,repurposed_approved_drug,False,not_applicable,,Poorly studied,no IPF-specific human outcome evidence retrieved,Unknown,registry-only,0,0,none retrieved,,,,,,,False,False,,,,,"No human study reporting an IPF outcome for this agent was retrieved (PubMed, 2026-09-02).",False,,,
nerandomilast,I1,5,PHASE3,COMPLETED|RECRUITING,3,investigational_drug,False,not_applicable,,Works,"phase 3 randomised, FVC dimension only; mortality and exacerbation endpoints not significant",Probable,"single large phase 3 randomised trial, endpoint-specific",5,2,rct,40387033.0,"Adjusted mean changes in FVC at week 52 were -114.7 ml (95% confidence interval [CI], -141.8 to -87.5) in the nerandomilast 18-mg group, -138.6 ml (95% CI, -165.6 to -111.6) in the nerandomilast 9-mg group, and -183.5 ml (95% CI, -210.9 to -156.1) in the placebo group.",absolute change from baseline in forced vital capacity (FVC) in milliliters at week 52,52.0,placebo,absolute change from baseline in forced vital capacity (FVC) in milliliters at week 52,False,False,,"Most frequent adverse event was diarrhea (41.3% in 18-mg group, 31.1% in 9-mg group, 16.0% in placebo); serious adverse events balanced across groups.",41808863|42115887,,"5 human studies attributed; strongest rct; IPF-only monotherapy randomised: 1 positive, 1 null, 0 harm.",True,"Engine read a conflict because a second report of the SAME trial's secondary endpoints (PMID 41738262) was extracted as a null result. Same trial, different endpoint - not an independent contradicting source. FIBRONEER-IPF met its primary FVC endpoint; the hazard ratios for progression/death were not significant, which is recorded as a dimension limit, not as a conflict.",,
neuromuscular electrical stimulation,I1,3,NA/none,COMPLETED|UNKNOWN,0,device_or_procedure,False,not_applicable,,Uncertain,non-randomised or indirect human evidence only,Uncertain,observational or uncontrolled only,1,1,rct,34083348.0,"Out of 364 people screened, 23 were recruited: 11 were allocated to each group and one was withdrawn prior to randomisation.","feasibility of recruitment and retention, treatment uptake and adherence, outcome assessments, participant and outcome assessor blinding and adverse events rela",6.0,placebo NMES with usual care,"feasibility of recruitment and retention, treatment uptake and adherence, outcome assessments, participant and outcome a",False,False,,A greater proportion of the intervention group experienced intervention-related adverse events compared with the control group.,,,"1 human studies attributed; strongest rct; IPF-only monotherapy randomised: 0 positive, 0 null, 0 harm.",False,,,
nicotinamide riboside,I3,1,PHASE2,RECRUITING,0,supplement_or_vitamin,False,not_applicable,,Poorly studied,no IPF-specific human outcome evidence retrieved,Unknown,registry-only,0,0,none retrieved,,,,,,,False,False,,,,,"No human study reporting an IPF outcome for this agent was retrieved (PubMed, 2026-09-02).",False,,,
nintedanib,I1,25,PHASE4,COMPLETED|NOT_YET_RECRUITING|RECRUITING|TERMINATED,24,approved_antifibrotic,False,recruitment_or_operational,Low enrollment; The study was terminated as no drug-drug interactions were observed in Part-A of the study and therefore Part-B of the study was not required as per protocol.; The trial was terminated prematurely due to difficulties with recruitment because of the COVID-19 pandemic.,Works,"phase 3 randomised evidence, graded on its own endpoint only",Probable,"randomised, endpoint-specific",38,5,rct,24836310.0,"The adjusted annual rate of change in FVC was -114.7 ml with nintedanib versus -239.9 ml with placebo (difference, 125.3 ml; 95% confidence interval [CI], 77.7 to 172.8; P<0.001) in INPULSIS-1 and -113.6 ml with nintedanib versus -207.3 ml with placebo (difference, 93.7 ml; 95% CI, 44.8 to 142.7; P<0.001) in INPULSIS-2.",annual rate of decline in forced vital capacity (FVC),52.0,placebo,annual rate of decline in forced vital capacity (FVC),False,False,,diarrhea most frequent adverse event (61.5% nintedanib vs 18.6% placebo in INPULSIS-1; 63.2% vs 18.3% in INPULSIS-2); led to discontinuation in <5% of patients,38281037|40754799|42115887|35145039|26843176|25760991|25410822|41253600,38030064|35594703|30220235|37012071|34895203|38963453|40789229|34217681|28039616|33054319|25927225|28699195|27481628|28287346|26836914|37073794|30578394|41057813|36753211|42671912,"38 human studies attributed; strongest rct; IPF-only monotherapy randomised: 4 positive, 0 null, 0 harm.",False,,,
nintedanib + dextromethorphan,I3,1,PHASE2,NOT_YET_RECRUITING,0,investigational_drug,False,not_applicable,,Poorly studied,no IPF-specific human outcome evidence retrieved,Unknown,registry-only,0,0,none retrieved,,,,,,,False,False,,,,,"No human study reporting an IPF outcome for this agent was retrieved (PubMed, 2026-09-02).",False,,,
nitric oxide,I1,1,EARLY_PHASE1,UNKNOWN,0,repurposed_approved_drug,False,not_applicable,,Poorly studied,no IPF-only monotherapy human evidence; appears only in combination or pooled sources,Unknown,attribution not separable,3,0,rct,32092321.0,"During blinded treatment, iNO30 subjects showed an average improvement in moderate/vigorous physical activity (MVPA) and remained stable in overall activity. Placebo subjects showed an average drop of 26% in MVPA and a 12% drop in overall activity.",moderate/vigorous physical activity (MVPA) and overall activity measured by activity monitoring,8.0,placebo,moderate/vigorous physical activity (MVPA) and overall activity measured by activity monitoring,True,False,,"Inhaled nitric oxide at all doses (30, 45, and 75 μg/kg/h) was safe and well tolerated.",,,"3 human studies attributed; strongest rct; IPF-only monotherapy randomised: 0 positive, 0 null, 0 harm.",False,,,
octreotide,I1,1,PHASE1|2,COMPLETED,0,repurposed_approved_drug,False,not_applicable,,Poorly studied,no IPF-only monotherapy human evidence; appears only in combination or pooled sources,Unknown,attribution not separable,1,0,observational_cohort,16883006.0,"Compared with lung uptake in control patients (median L/B, 1.25; range, 1.14-1.49), lung uptake was increased in all 11 IPF patients (median L/B, 2.63; range, 1.59-3.13; P < 0.001) and in 4 of 6 SSc patients (median L/B, 1.68; range, 1.42-2.16).",Expression of somatostatin receptor subtype 2 (sst2) in lungs and correlation with pulmonary fibrosis activity,,,Expression of somatostatin receptor subtype 2 (sst2) in lungs and correlation with pulmonary fibrosis activity,True,False,,,,,"1 human studies attributed; strongest observational_cohort; IPF-only monotherapy randomised: 0 positive, 0 null, 0 harm.",False,,,
omeprazole,I1,1,PHASE2,COMPLETED,0,repurposed_approved_drug,False,not_applicable,,Uncertain,"pilot feasibility trial; cough-frequency point estimate favours the drug but the interval includes no effect, with lung-function decrements favouring placebo",Uncertain,single-centre randomised pilot (n=45) with no formal sample-size calculation,1,1,rct,30610155.0,"Geometric mean cough frequency at the end of treatment, adjusted for baseline, was 39.1% lower (95% CI 66.0% lower to 9.3% higher) in the omeprazole group compared with placebo",cough frequency,12.0,placebo,cough frequency,False,False,,"Omeprazole was well tolerated; adverse event profiles similar in both groups, although small excess of lower respiratory tract infection and small fall in FEV and FVC with omeprazole.",,,"1 human studies attributed; strongest rct; IPF-only monotherapy randomised: 1 positive, 0 null, 0 harm.",False,"PHASE4 CORRECTION (C17), full text verified: primary objectives were feasibility and acceptability, not efficacy, and no formal sample-size calculation was performed. In the same trial the adjusted between-group differences were FEV1 -0.12 L (95% CI -0.25 to -0.002) and -7.4% predicted (-14.6 to -0.2) and FVC -0.11 L (-0.21 to -0.02), all favouring placebo, with lower respiratory tract infection in 6 of 23 on omeprazole versus 3 of 22 on placebo.",,
omipalisib,I1,1,PHASE1,COMPLETED,0,investigational_drug,False,not_applicable,,Uncertain,"randomised human data on a non-clinical primary endpoint (safety, pharmacokinetic, deposition, feasibility or mechanistic); no clinical outcome signal",Uncertain,early-phase or single randomised source,1,1,rct,30765508.0,"Exposure-dependent inhibition of phosphatidylinositol 3,4,5 trisphosphate and pAKT confirmed target engagement in blood and lungs.","safety, tolerability, pharmacokinetics and pharmacodynamics",1.1,placebo,"safety, tolerability, pharmacokinetics and pharmacodynamics",False,False,,Most common adverse event was diarrhoea (4 participants); dose-related increases in insulin and glucose observed.,,,"1 human studies attributed; strongest rct; IPF-only monotherapy randomised: 1 positive, 0 null, 0 harm.",False,"PHASE4 CORRECTION (C16): previously labelled 'positive randomised signal below phase 3'. The trial's primary endpoint is not a clinical outcome, so the row carries no efficacy signal.",,
one-leg cycle training,I3,1,NA/none,ACTIVE_NOT_RECRUITING,0,non_pharmacological,False,not_applicable,,Poorly studied,no IPF-specific human outcome evidence retrieved,Unknown,registry-only,0,0,none retrieved,,,,,,,False,False,,,,,"No human study reporting an IPF outcome for this agent was retrieved (PubMed, 2026-09-02).",False,,,
orvepitant,I3,1,PHASE2,COMPLETED,1,investigational_drug,False,not_applicable,,Failed,randomised placebo-controlled crossover trial null on the primary cough-severity endpoint at both doses,Probable,"one randomised crossover trial, registry-posted only",1,1,rct,,"NCT05185089 (n=80) primary endpoint mean change from baseline in weekly average daily IPF cough severity: mean difference 0.00 (95% CI -0.62 to 0.63, p=0.989, ANCOVA) for orvepitant 10 mg versus placebo and -0.58 (95% CI -1.16 to 0.01, p=0.054) for orvepitant 30 mg versus placebo.",change in daily IPF cough severity score,,,E9 cough / symptom burden,False,False,,,,,"No human study reporting an IPF outcome for this agent was retrieved (PubMed, 2026-09-02).",True,PHASE6 A5 (registry-results sweep): corrected from 'Poorly studied - no IPF-specific human outcome evidence'. The 30 mg comparison is directionally favourable but does not reach the conventional threshold; the trial is null on its primary endpoint as posted.,,"yes - no IPF results publication found in PubMed (the published orvepitant cough trial, PMID 31421110, is chronic refractory cough, not IPF)"
oxygen,I1,6,PHASE2,COMPLETED,1,supportive_or_symptomatic,False,not_applicable,,Uncertain,acute improvement in exercise endurance and desaturation in small crossover trials; no evidence on progression or survival,Uncertain,small short-exposure randomised crossover trials; long-term ambulatory-oxygen evidence comes from mixed-ILD populations (indirect),13,5,rct,32367694.0,Supplemental oxygen significantly increased the endurance time (340-424 s; P < 0.001) and minimum SpO2 (88.0-94.0%; P < 0.001) compared with placebo air.,effect of supplemental oxygen on endurance time,,placebo air,"functional capacity (E5), symptoms - dyspnoea (E8)",False,False,,,22285287,38845503|41073132,"13 human studies attributed; strongest rct; IPF-only monotherapy randomised: 4 positive, 0 null, 0 harm.",True,"Kept at Uncertain despite five randomised sources: exposures are single-session or 12-week, endpoints are exercise physiology, and the AmbOx-type long-term evidence is mixed-ILD (indirect under L1).",,
oxymizer nasal cannula,I3,1,NA/none,COMPLETED,0,device_or_procedure,False,not_applicable,,Poorly studied,no IPF-specific human outcome evidence retrieved,Unknown,registry-only,0,0,none retrieved,,,,,,,False,False,,,,,"No human study reporting an IPF outcome for this agent was retrieved (PubMed, 2026-09-02).",False,,,
oxymizer pendant nasal cannula,I3,1,NA/none,COMPLETED,0,device_or_procedure,False,not_applicable,,Poorly studied,no IPF-specific human outcome evidence retrieved,Unknown,registry-only,0,0,none retrieved,,,,,,,False,False,,,,,"No human study reporting an IPF outcome for this agent was retrieved (PubMed, 2026-09-02).",False,,,
palliative care,I1,1,NA/none,COMPLETED,0,supportive_or_symptomatic,False,not_applicable,,Uncertain,"randomised human data on a non-clinical primary endpoint (safety, pharmacokinetic, deposition, feasibility or mechanistic); no clinical outcome signal",Uncertain,early-phase or single randomised source,5,1,rct,34003726.0,"Efficacy demonstrated a significant improvement in caregiver's knowledge, disease preparedness, and confidence in caring for the patient as well as an improvement in knowledge and advance care planning completion in patient participants.","Feasibility, acceptability, and efficacy of nurse-led early palliative care intervention; measured outcomes included caregiver knowledge, disease preparedness, ",26.0,Usual care,"Feasibility, acceptability, and efficacy of nurse-led early palliative care intervention; measured outcomes included car",False,False,,High attrition rate (20% of participants died before study completion); feasibility limited with only 56% enrollment of eligible dyads,,37553275,"5 human studies attributed; strongest rct; IPF-only monotherapy randomised: 1 positive, 0 null, 0 harm.",False,"PHASE4 CORRECTION (C16): previously labelled 'positive randomised signal below phase 3'. The trial's primary endpoint is not a clinical outcome, so the row carries no efficacy signal.",,
pamrevlumab,I1,5,PHASE3,COMPLETED|TERMINATED,3,biologic,False,lack_of_efficacy,Sponsor Decision; Study did not meet its primary endpoint.,Failed,"phase 2 positive, adequately sized phase 3 null on the same endpoint; the phase 3 supersedes",Probable,phase 3 randomised null result,9,3,rct,38762797.0,"There was no significant between-group difference for absolute change in FVC from baseline to week 48 (least-squares mean, -260 mL [95% CI, -350 to -170 mL] in the pamrevlumab group vs -330 mL [95% CI, -430 to -230 mL] in the placebo group; mean between-group difference, 70 mL [95% CI, -60 to 190 mL], P = .29).",absolute change in FVC (mL) from baseline to week 48,48.0,placebo,change from baseline in percentage of predicted forced vital capacity (FVC) at week 48,False,True,PRAISE phase 2 positive (PMID 31575509) vs ZEPHYRUS-1 phase 3 null (PMID 38762797); logged in the conflicts register as resolved-by-supersession.,Pamrevlumab was well tolerated with a safety profile similar to placebo; treatment-emergent serious adverse events in 24% pamrevlumab vs 15% placebo; 3 deaths in pamrevlumab group and 6 in placebo gro,35145039|38281037|41808863|42115887,33054319,"9 human studies attributed; strongest rct; IPF-only monotherapy randomised: 2 positive, 1 null, 0 harm.",True,Engine graded Conflicting on equal footing. Under the brief's evidence hierarchy a larger phase 3 on the same endpoint supersedes the phase 2; the disagreement is preserved in the conflicts register rather than in the verdict.,,
paroxetine,I3,1,PHASE1,COMPLETED,0,repurposed_approved_drug,False,not_applicable,,Poorly studied,no IPF-specific human outcome evidence retrieved,Unknown,registry-only,0,0,none retrieved,,,,,,,False,False,,,,,"No human study reporting an IPF outcome for this agent was retrieved (PubMed, 2026-09-02).",False,,,
patientmpower platform,I3,1,NA/none,COMPLETED,1,non_pharmacological,False,not_applicable,,Poorly studied,no IPF-specific human outcome evidence retrieved,Unknown,registry-only,0,0,none retrieved,,,,,,,False,False,,,,,"No human study reporting an IPF outcome for this agent was retrieved (PubMed, 2026-09-02).",True,"PHASE6 A5 (registry-results sweep): posted results exist (NCT03104322, n=7) but the primary endpoint is acceptability of home monitoring; grading unchanged.",,"yes - posted registry results only, no publication located in this sweep"
pcplanner,I3,1,NA/none,COMPLETED,0,non_pharmacological,False,not_applicable,,Poorly studied,no IPF-specific human outcome evidence retrieved,Unknown,registry-only,0,0,none retrieved,,,,,,,False,False,,,,,"No human study reporting an IPF outcome for this agent was retrieved (PubMed, 2026-09-02).",False,,,
physiotherapy,I3,1,NA/none,TERMINATED,0,non_pharmacological,False,not_applicable,,Poorly studied,no IPF-specific human outcome evidence retrieved,Unknown,registry-only,0,0,none retrieved,,,,,,,False,False,,,,,"No human study reporting an IPF outcome for this agent was retrieved (PubMed, 2026-09-02).",False,,,
pirfenidone,I1,33,PHASE4,ACTIVE_NOT_RECRUITING|COMPLETED|NOT_YET_RECRUITING|RECRUITING|UNKNOWN,14,approved_antifibrotic,False,not_applicable,,Works,two of three phase 3 trials positive on their own primary endpoint; graded on the FVC/progression dimensions only,Probable,"replicated phase 3 randomised evidence, endpoint-specific",55,7,rct,24836312.0,"In the pirfenidone group, as compared with the placebo group, there was a relative reduction of 47.9% in the proportion of patients who had an absolute decline of 10 percentage points or more in the percentage of the predicted FVC or who died; there was also a relative increase of 132.5% in the proportion of patients with no decline in FVC (P<0.001).","proportion with absolute decline >=10 percentage points in %predicted FVC or death, week 52",52.0,placebo,prevention of categorical progression (E3),False,False,,The most common adverse events for each active treatment arm were gastrointestinal.,38281037|35145039|42115887|26843176|23734867|40754799|35245333|25760991|25410822|22654087|18471669|41253600,41207313|32703779|32822614|26496265|33008934|41151646|25316130|38030064|38963453|40789229|34217681|34895203|33054319|28699195|28287346|28039616|27481628|25927225|26836914|37073794|31784348|36753211|30,"55 human studies attributed; strongest rct; IPF-only monotherapy randomised: 6 positive, 0 null, 0 harm.",True,"Automatic key-result pick had selected a trial in which pirfenidone was the active comparator (deupirfenidone, PMID 42085224) and a cardiovascular-safety report; replaced with ASCEND (PMID 24836312). CAPACITY-004 was positive and CAPACITY-006 was not, which the sublabel now states.",,
pirfenidone and nintedanib,I1,1,PHASE4,COMPLETED,0,approved_antifibrotic,False,not_applicable,,Poorly studied,no IPF-only monotherapy human evidence; appears only in combination or pooled sources,Unknown,attribution not separable,2,0,rct,38030064.0,"Patients treated with nintedanib had a higher 12-month visit FVC than patients treated with pirfenidone (mean difference, 106 mL; 95% CI, 34-178).",12-month FVC decline,52.0,pirfenidone vs nintedanib,12-month FVC decline,True,False,,,,38030064|38963453,"2 human studies attributed; strongest rct; IPF-only monotherapy randomised: 0 positive, 0 null, 0 harm.",False,,,
pirfenidone or nintedanib,I3,1,PHASE4,COMPLETED,0,approved_antifibrotic,False,not_applicable,,Poorly studied,no IPF-specific human outcome evidence retrieved,Unknown,registry-only,0,0,none retrieved,,,,,,,False,False,,,,,"No human study reporting an IPF outcome for this agent was retrieved (PubMed, 2026-09-02).",False,,,
placebo then n-acetylcysteine,I3,1,PHASE1|2,WITHDRAWN,0,repurposed_approved_drug,False,recruitment_or_operational,The study encountered challenges during startup due to the COVID-19 epidemic and was withdrawn.,Poorly studied,no IPF-specific human outcome evidence retrieved,Unknown,registry-only,0,0,none retrieved,,,,,,,False,False,,,,,"No human study reporting an IPF outcome for this agent was retrieved (PubMed, 2026-09-02).",False,,,
placental mesenchymal stem cell-derived extracellular vesicles,I3,1,PHASE1,NOT_YET_RECRUITING,0,biologic,False,not_applicable,,Poorly studied,no IPF-specific human outcome evidence retrieved,Unknown,registry-only,0,0,none retrieved,,,,,,,False,False,,,,,"No human study reporting an IPF outcome for this agent was retrieved (PubMed, 2026-09-02).",False,,,
"plasma exchange, rituximab, and corticosteroids",I3,1,PHASE1|2,COMPLETED,1,other,False,not_applicable,,Poorly studied,single-arm feasibility study only; superseded for evidence purposes by the randomised STRIVE-IPF posting on the autoantibody reductive therapy row,Unknown,registry-only,0,0,none retrieved,,"NCT01266317 (n=9 enrolled, 7 analysed) primary endpoint number of participants surviving to 60 days or lung transplantation: 3 of 7. Single-arm, no comparator.",,,,,False,False,,,,,"No human study reporting an IPF outcome for this agent was retrieved (PubMed, 2026-09-02).",True,PHASE6 A5 (registry-results sweep): posted results exist and are single-arm; grading unchanged. This regimen is the same therapeutic family as the 'autoantibody reductive therapy' row (which adds intravenous immunoglobulin); the randomised evidence is carried there.,,yes - no results publication found in PubMed
pomalidomide,I3,1,PHASE2,WITHDRAWN,0,repurposed_approved_drug,False,safety_toxicity,FDA did not accept sponsor's animal toxicology data to support proposed dosing.,Poorly studied,no IPF-specific human outcome evidence retrieved,Unknown,registry-only,0,0,none retrieved,,,,,,,False,False,,,,,"No human study reporting an IPF outcome for this agent was retrieved (PubMed, 2026-09-02).",False,,,
pulmonary rehabilitation / exercise training,I1,22,PHASE4,ACTIVE_NOT_RECRUITING|COMPLETED|RECRUITING|TERMINATED|UNKNOWN,3,non_pharmacological,False,recruitment_or_operational,PhD Student stopped working on this project; The trial was terminated prematurely due to difficulties with recruitment because of the COVID-19 pandemic.,Works,"consistent improvement in exercise capacity and health-related quality of life across multiple small randomised trials; no effect claimed on lung-function decline, exacerbation or survival",Probable,multiple concordant small randomised trials; durability beyond ~6 months not established,30,9,rct,33164264.0,"6MWD increased by 60.44 m in the PD group, 32.16 m in the exercise group and 12.42 m in controls after the 2 months of rehabilitation programme.",6-minute walk distance (6MWD) and health-related quality of life (SGRQ-I score) at 2 months and 6 months,26.0,Usual activities (control),functional capacity (E5) and HRQoL (E6),False,False,,The PD programme is safe and effective as a rehabilitation intervention,25410822|25760991|22285287,31241519|39129185|37012071|34749699|32367694|33093783|20012639|39440394|33542089|36753211|18843927,"30 human studies attributed; strongest rct; IPF-only monotherapy randomised: 8 positive, 0 null, 0 harm.",True,"Strongest randomised IPF-only source is the Pulmonary Daoyin trial (PMID 33164264), which compared a TCM breathing-exercise programme, a cycle-ergometer exercise arm and usual care; both active arms improved 6MWD and SGRQ-I. That record also appears in the traditional-medicine screen (tier T2) and is cross-referenced there rather than counted twice. Other retrieved rehabilitation trials are largely mixed-ILD populations (indirect under L1) or single-session physiological studies. One palliative-care abstract was attracted to this entity by a shared word and is not counted. No claim is made on lung-function decline, exacerbation, or survival, and durability beyond the trial periods is not established. | PHASE4 CORRECTION (C12): a 52-week randomised trial on background antifibrotic therapy (PMID 37012071) was missed by the Phase 2 search. It splits on its two functional endpoints: 6MWD 'mean difference, 21 m (95% CI -25 to 66), p=0.38' (null) and endurance time 'mean difference, 187 s (95% CI 34 to 153), p=0.019' (favours training; the interval as printed does not contain the point estimate - apparent typographical error in the source abstract, full text not obtained). Durability beyond 12 months remains untested.",,
quercetin,I1,1,NA/none,RECRUITING,0,supplement_or_vitamin,True,not_applicable,,Poorly studied,no IPF-only monotherapy human evidence; appears only in combination or pooled sources,Unknown,attribution not separable,2,0,rct,36857968.0,"While the placebo arm reported fewer overall non-serious AEs (65 vs 22), there were no serious adverse events related to D + Q.",adverse events and study feasibility,3.0,placebo,adverse events and study feasibility,True,False,,Sleep disturbances and anxiety disproportionately represented in D+Q arm (4/6 vs 0/6); most other AEs common in IPF or anticipated side effects of dasatinib.,,36857968|30616998,"2 human studies attributed; strongest rct; IPF-only monotherapy randomised: 0 positive, 0 null, 0 harm.",False,,,
resveratrol,I4,0,none (literature-only),,0,,False,not_applicable,,Poorly studied,no IPF-specific human outcome evidence retrieved,Unknown,no human study retrieved,0,0,none retrieved,,,,,,,False,False,,,,,"No human study reporting an IPF outcome for this agent was retrieved (PubMed, 2026-09-02).",False,,,
riociguat,I1,1,PHASE2,TERMINATED,1,repurposed_approved_drug,False,safety_toxicity,"Study terminated per recommendation of iDMC. On iDMC request, protocol amended to include 4-month safety follow-up for patients after withdrawal of riociguat.",Harm outweighs benefit,randomised evidence of excess harm in IPF,Probable,randomised harm signal,2,1,rct,31416769.0,Riociguat did not improve 6MWD versus placebo at 26 weeks (least-squares mean difference 21 m; 95% CI -9 to 52).,change in 6-min walking distance (6MWD),26.0,placebo,change in 6-min walking distance (6MWD),False,False,,Study terminated early due to increased serious adverse events (37% riociguat vs 23% placebo) and mortality (8 deaths in riociguat vs 3 in placebo group during main study); peripheral oedema and diarr,,,"2 human studies attributed; strongest rct; IPF-only monotherapy randomised: 0 positive, 0 null, 1 harm.",False,,,
rituximab,I1,4,PHASE2|3,COMPLETED|NOT_YET_RECRUITING|RECRUITING,1,biologic,False,not_applicable,,Uncertain,IPF-specific randomised triple-masked trial exists but its primary endpoint was an autoantibody titre; clinical outcomes null with numerically more hospitalisations and serious adverse events,Uncertain,"one randomised trial with a mechanistic primary endpoint, registry-posted only",6,1,rct,32777737.0,"NCT01969409 (7 sites, randomised, parallel, triple-masked, n=58) primary endpoint autoantibodies to HEp-2 cells at 9 months: placebo 288 (SE 63, n=25) versus rituximab 177 (SE 29, n=26). Secondary clinical endpoints: FVC 2.6 L (SE 0.14) versus 2.5 L (SE 0.16); absolute survival 93% (SE 5) versus 93% (SE 5); transplant-free survival 89% (SE 6) versus 90% (SE 6); hospital admissions 6 versus 12; acute exacerbations 1 versus 2; serious adverse events 5 of 28 versus 9 of 30; deaths 2 of 28 versus 2 of 30. No between-arm analysis posted for any endpoint.","autoantibody titre (primary); FVC, survival, transplant-free survival, hospitalisations (secondary)",39.0,placebo arm as above,E10 mechanistic / biomarker (primary); E2 and E1 (secondary),True,False,,An independent data safety monitoring board will review safety and tolerability data for the duration of the trial.,22019799,32777737|37230499|36470416|26083430,"6 human studies attributed; strongest rct; IPF-only monotherapy randomised: 0 positive, 0 null, 0 harm.",True,"PHASE6 A5 (registry-results sweep): corrected from 'Poorly studied - no IPF-only monotherapy human evidence; appears only in combination or pooled sources'. IPF-specific blinded randomised monotherapy data do exist, registry-posted only. The trial met its mechanistic primary endpoint (lower autoantibody titre) and showed no clinical benefit, with a numerically unfavourable hospitalisation and serious-adverse-event count. Indirect connective-tissue-disease and NSIP rituximab trials (PMID 32777737, 36375479, 37230499) remain labelled indirect.",,"yes - no results publication found in PubMed for NCT01969409; the record's previous key_result_pmid 32777737 is EVER-ILD in non-specific interstitial pneumonia, which is indirect evidence, not IPF"
routine comprehensive training,I3,1,NA/none,NOT_YET_RECRUITING,0,non_pharmacological,False,not_applicable,,Poorly studied,no IPF-specific human outcome evidence retrieved,Unknown,registry-only,0,0,none retrieved,,,,,,,False,False,,,,,"No human study reporting an IPF outcome for this agent was retrieved (PubMed, 2026-09-02).",False,,,
salbutamol,I1,1,PHASE1,COMPLETED,0,repurposed_approved_drug,False,not_applicable,,Uncertain,"randomised human data on a non-clinical primary endpoint (safety, pharmacokinetic, deposition, feasibility or mechanistic); no clinical outcome signal",Uncertain,early-phase or single randomised source,1,1,rct,29409488.0,"Small monodisperse particles (1.5 μm) achieved significantly better total lung deposition (TLD, mean % ± SD) than larger particles (6 μm), where polydisperse nebulisation was poor; (TLD, 64.93 ± 10.72; 50.46 ± 17.04; 8.19 ± 7.72, respectively).",total lung deposition and regional lung delivery of inhaled salbutamol,,multiple inhaled salbutamol formulations and delivery devices,total lung deposition and regional lung delivery of inhaled salbutamol,False,False,,,,,"1 human studies attributed; strongest rct; IPF-only monotherapy randomised: 1 positive, 0 null, 0 harm.",False,"PHASE4 CORRECTION (C16): previously labelled 'positive randomised signal below phase 3'. The trial's primary endpoint is not a clinical outcome, so the row carries no efficacy signal.",,
saracatinib,I3,1,PHASE1|2,ACTIVE_NOT_RECRUITING,0,investigational_drug,False,not_applicable,,Poorly studied,no IPF-specific human outcome evidence retrieved,Unknown,registry-only,0,0,none retrieved,,,,,,,False,False,,,,,"No human study reporting an IPF outcome for this agent was retrieved (PubMed, 2026-09-02).",False,,,
senicapoc,I3,1,PHASE2,RECRUITING,0,investigational_drug,False,not_applicable,,Poorly studied,no IPF-specific human outcome evidence retrieved,Unknown,registry-only,0,0,none retrieved,,,,,,,False,False,,,,,"No human study reporting an IPF outcome for this agent was retrieved (PubMed, 2026-09-02).",False,,,
setanaxib,I3,1,PHASE2,COMPLETED,1,investigational_drug,False,not_applicable,,Poorly studied,no IPF-specific human outcome evidence retrieved,Unknown,registry-only,0,0,none retrieved,,,,,,,False,False,,,,,"No human study reporting an IPF outcome for this agent was retrieved (PubMed, 2026-09-02).",True,"PHASE6 A5 (registry-results sweep): posted results exist (NCT03865927) but the primary endpoint is an oxidative-stress biomarker, not a clinical outcome; grading unchanged.",,"yes - posted registry results only, no publication located in this sweep"
sildenafil,I1,9,PHASE4,COMPLETED|TERMINATED|UNKNOWN|WITHDRAWN,5,repurposed_approved_drug,False,regulatory_or_commercial,Funding was withdrawn.; inclusion/exclusion criteria limited enrollment,Failed,null in the overall IPF population and in an enriched pulmonary-hypertension-risk population; the right-heart-dysfunction subgroup hypothesis showed no treatment-by-subgroup heterogeneity when tested,Probable,"three randomised trials, consistent null in the overall population, plus one prespecified subgroup analysis",13,3,rct,32822614.0,between-group difference 3·06% [95% CI -11·30 to 17·97]; p=0·65,mortality; FVC change; DLCO change; hospitalizations; acute exacerbations; adverse drug effects leading to discontinuation,,placebo or standard care,mortality; FVC change; DLCO change; hospitalizations; acute exacerbations; adverse drug effects leading to discontinuati,False,True,1 positive vs 1 null randomised IPF-only sources,"Probably no difference in drug discontinuation due to adverse effects (RR 0.79, 95% CI 0.56–1.10; moderate certainty)",26843176|35145039|38281037|22285287|25410822|25760991,30220235|32822614,"13 human studies attributed; strongest rct; IPF-only monotherapy randomised: 1 positive, 1 null, 0 harm.",False,"PHASE4 CORRECTION (C14): two further randomised sources were missed by the Phase 2 search - a phase 2b trial adding sildenafil to pirfenidone in advanced IPF at risk of group 3 pulmonary hypertension (PMID 32822614) and a prespecified INSTAGE subgroup analysis in right-heart dysfunction (PMID 31365829: 'There was no heterogeneity between subgroups by presence of RHD in the effect of nintedanib plus sildenafil versus nintedanib alone on change in SGRQ total score at Week 12 (P = 0.74) or Week 24 (P = 0.90), or change in FVC at Week 12 (P = 0.58) or Week 24 (P = 0.55)'). The earlier 'Conflicting' verdict does not hold: the disagreement was between overall nulls and exploratory subgroup analyses, and when the subgroup hypothesis was tested it was not supported. The trialists still write 'further research is required to establish if specific subgroups of patients with IPF might benefit from sildenafil', which is an open statement not backed by a positive subgroup result.",,
sildenafil and losartan,I3,1,PHASE2|3,TERMINATED,1,repurposed_approved_drug,False,regulatory_or_commercial,Funding was withdrawn.,Poorly studied,no IPF-specific human outcome evidence retrieved,Unknown,registry-only,0,0,none retrieved,,,,,,,False,False,,,,,"No human study reporting an IPF outcome for this agent was retrieved (PubMed, 2026-09-02).",False,,,
simeox,I3,1,NA/none,TERMINATED,0,device_or_procedure,False,not_applicable,,Poorly studied,no IPF-specific human outcome evidence retrieved,Unknown,registry-only,0,0,none retrieved,,,,,,,False,False,,,,,"No human study reporting an IPF outcome for this agent was retrieved (PubMed, 2026-09-02).",False,,,
simtuzumab,I1,3,PHASE2,COMPLETED|TERMINATED,2,biologic,False,lack_of_efficacy,The Study was terminated due to lack of efficacy.,Failed,"adequately sized randomised evidence, null",Probable,randomised null result,1,1,rct,27939076.0,"We noted no difference in progression-free survival between simtuzumab and placebo in the intention-to-treat population (median progression free survival times of 12·6 months and 15·4 months for simtuzumab and placebo, respectively; stratified HR 1·13, 95% CI 0·88-1·45; p=0·329) and in patients with baseline sLOXL2 in the 50th percentile or higher (median progression-free survival 11·7 months and 14·3 months for simtuzumab and placebo, respectively; stratified HR 1·03, 95% CI 0·74-1·43; p=0·851), or in the 75th percentile or higher (median progression-free survival 11·6 months and 16·9 months for simtuzumab and placebo, respectively; stratified HR 1·20, 95% CI 0·72-2·00; p=0·475).",progression-free survival (time to all-cause death or categorical decrease from baseline in FVC % predicted),,placebo,progression-free survival (time to all-cause death or categorical decrease from baseline in FVC % predicted),False,False,,"Incidence of adverse events and serious adverse events was similar between treatment groups; most common adverse events were dyspnoea, cough, upper respiratory tract infection, and worsening of IPF.",,,"1 human studies attributed; strongest rct; IPF-only monotherapy randomised: 0 positive, 1 null, 0 harm.",False,,,
sirolimus,I1,1,NA/none,COMPLETED,0,repurposed_approved_drug,False,not_applicable,,Uncertain,"randomised human data on a non-clinical primary endpoint (safety, pharmacokinetic, deposition, feasibility or mechanistic); no clinical outcome signal",Uncertain,early-phase or single randomised source,2,1,rct,36853800.0,Lung function was unaffected by either treatment,"concentration of circulating fibrocytes (total, CXCR4+, and α-smooth muscle actin-expressing)",6.0,placebo,"concentration of circulating fibrocytes (total, CXCR4+, and α-smooth muscle actin-expressing)",False,False,,Respiratory adverse events occurred more frequently during placebo treatment; incidence of adverse events and drug tolerability did not otherwise differ between sirolimus and placebo.,,,"2 human studies attributed; strongest rct; IPF-only monotherapy randomised: 1 positive, 0 null, 0 harm.",False,"PHASE4 CORRECTION (C16): previously labelled 'positive randomised signal below phase 3'. The trial's primary endpoint is not a clinical outcome, so the row carries no efficacy signal.",,
sodium pyruvate (nasal),I3,1,PHASE3,COMPLETED,1,investigational_drug,False,not_applicable,,Uncertain,"single-centre sponsor-reported randomised trial posting a large cough benefit; unpublished, with internally implausible accompanying values",Uncertain,"registry-only, unverifiable against any publication",1,1,rct,,"NCT06037408 (Cellular Sciences, n=50, 1 site, participant- and care-provider-masked) primary endpoint percent change in coughing episodes per day to day 21: 20 mM sodium pyruvate nasal spray -73.2% (SD 8.1) versus saline placebo -16.1% (SD 11.0); mean difference -57.13 (95% CI -63.99 to -50.27, p=0.0001, ANOVA). Secondary percent change in FEV1/FVC ratio +27.9% versus +2.73%; mean difference 25.12 (95% CI 13.26 to 36.99, p<0.0001). Zero adverse events and zero serious adverse events posted in both arms.",percent change in coughing episodes per day to day 21,3.0,-16.1% (saline placebo),E9 cough / symptom burden,False,True,internally implausible: a 28% increase in the FEV1/FVC ratio over 21 days and zero adverse events in 50 IPF patients are not consistent with the known behaviour of the disease; cough measurement method not described; no outcome-assessor masking stated; registered as phase 3 but single-centre with n=50,,,,"No human study reporting an IPF outcome for this agent was retrieved (PubMed, 2026-09-02).",True,"PHASE6 A5 (registry-results sweep): corrected from 'Poorly studied - no IPF-specific human outcome evidence'. This is the only new positive randomised signal the sweep found. It is recorded as an unverified registry-only claim, not as evidence of benefit, and is logged in the conflicts register.",,yes - no publication found in PubMed
suplatast tosilate,I3,1,PHASE2,ACTIVE_NOT_RECRUITING,0,repurposed_approved_drug,False,not_applicable,,Poorly studied,no IPF-specific human outcome evidence retrieved,Unknown,registry-only,0,0,none retrieved,,,,,,,False,False,,,,,"No human study reporting an IPF outcome for this agent was retrieved (PubMed, 2026-09-02).",False,,,
supportive care,I2,2,NA/none,COMPLETED|UNKNOWN,0,supportive_or_symptomatic,False,not_applicable,,Poorly studied,no IPF-only monotherapy human evidence; appears only in combination or pooled sources,Unknown,attribution not separable,2,0,meta_analysis,28039616.0,"In the base-case deterministic pairwise comparison with pirfenidone, nintedanib was found to have fewer acute exacerbations and resulted in less costs and more QALYs gained.","cost-effectiveness (incremental cost-effectiveness ratio); acute exacerbations, lung function decline, mortality, QALYs",,"pirfenidone, N-acetylcysteine, best supportive care","cost-effectiveness (incremental cost-effectiveness ratio); acute exacerbations, lung function decline, mortality, QALYs",True,False,,Treatment safety (serious adverse events) and tolerability (overall discontinuation) were considered in the model.,28039616|19420811,,"2 human studies attributed; strongest meta_analysis; IPF-only monotherapy randomised: 0 positive, 0 null, 0 harm.",False,,,
surgery,I2,1,NA/none,COMPLETED,1,device_or_procedure,False,not_applicable,,Poorly studied,no IPF-only monotherapy human evidence; appears only in combination or pooled sources,Unknown,attribution not separable,3,0,meta_analysis,35486080.0,"For antacid medication, when two studies were aggregated, there was no statistically significant effect on disease progression, defined as a 10% or more decline in FVC, more than 50-m decline in 6-minute walking distance, or death (risk ratio [RR], 0.88; 95% confidence interval [CI], 0.76-1.03).","disease progression (10% or more decline in FVC, more than 50-m decline in 6-minute walking distance, or death)",,placebo or no medication (antacid); no surgery (antireflux),"disease progression (10% or more decline in FVC, more than 50-m decline in 6-minute walking distance, or death)",True,False,,Neither antacid medications nor antireflux surgery was associated with improvements in outcomes studied.,,35486080|40789229,"3 human studies attributed; strongest meta_analysis; IPF-only monotherapy randomised: 0 positive, 0 null, 0 harm.",False,,,
taladegib,I1,4,PHASE2,ACTIVE_NOT_RECRUITING|COMPLETED|RECRUITING,0,investigational_drug,False,not_applicable,,Uncertain,positive randomised signal below phase 3,Uncertain,early-phase or single randomised source,1,1,rct,41043447.0,"Between-group differences in change from baseline to week 12 favoured taladegib for the efficacy measures of percent predicted FVC (3·95% [95% CI 0·31-7·60]; p=0·035; mean change from baseline of 1·9% in the taladegib group vs -1·3% for placebo), total lung capacity by HRCT (257·0 mL [95% CI 86·8-427·2]; p=0·0040; mean change from baseline of 206·67 mL in the taladegib group vs -55·58 mL in the placebo group), and percent quantitative interstitial lung disease (p=0·047; mean change from baseline of -9·4% in the taladegib group vs 1·1% in the placebo group).",safety in intention-to-treat population and change from baseline in forced vital capacity (FVC) in efficacy-evaluable population,12.0,placebo,safety in intention-to-treat population and change from baseline in forced vital capacity (FVC) in efficacy-evaluable po,False,False,,"All treatment-emergent adverse events possibly or probably related to taladegib were grade 1 or 2, with most mild or moderate; none were serious. Most common events in taladegib group were dysgeusia (",,,"1 human studies attributed; strongest rct; IPF-only monotherapy randomised: 1 positive, 0 null, 0 harm.",False,,,
tanzisertib (CC-90001),I3,1,PHASE2,TERMINATED,1,investigational_drug,False,regulatory_or_commercial,Business objectives have changed. (registry); 'The study was terminated early because of a strategic decision made by the sponsor' (PMID 38484130),Uncertain,randomised placebo-controlled phase 2 terminated early on a sponsor strategic decision; numerically favourable FVC differences with confidence intervals spanning no difference,Uncertain,"one randomised trial stopped early, published",2,1,rct,38484130.0,"The least-squares mean changes from baseline in ppFVC at Week 24 were -3.1% (placebo), -2.1% (200 mg), and -1.0% (400 mg); the differences compared with placebo were 1.1% (200 mg; 95% confidence interval: -2.1, 4.3; P = 0.50) and 2.2% (400 mg; 95% confidence interval: -1.1, 5.4; P = 0.19).","change in FVC % predicted, baseline to week 24",24.0,-3.1 % predicted (placebo),E2 disease progression / lung function,False,False,,"'Adverse event frequency was similar in patients in the combined CC-90001 arms versus placebo'; nausea, diarrhoea and vomiting more frequent on active drug (PMID 38484130)",,,"No human study reporting an IPF outcome for this agent was retrieved (PubMed, 2026-09-02).",True,"PHASE6 A5 (registry-results sweep): corrected from 'Poorly studied - no IPF-specific human outcome evidence'. The trial (NCT03142191, n=112 dosed, background pirfenidone allowed) was published in Am J Respir Crit Care Med in 2024 (PMID 38484130) - a Phase 2 literature-search miss, not only a registry-only result. Phase 1b antifibrotic-activity study also published (PMID 37378860).",,
tanzisertib (CC-930),I3,1,PHASE2,TERMINATED,0,investigational_drug,False,safety_toxicity,The benefit/ risk profile does not support continuation of this study.,Poorly studied,no IPF-specific human outcome evidence retrieved,Unknown,registry-only,0,0,none retrieved,,,,,,,False,False,,,,,"No human study reporting an IPF outcome for this agent was retrieved (PubMed, 2026-09-02).",False,,,
tazarotene,I3,1,PHASE2,COMPLETED,0,repurposed_approved_drug,False,not_applicable,,Poorly studied,no IPF-specific human outcome evidence retrieved,Unknown,registry-only,0,0,none retrieved,,,,,,,False,False,,,,,"No human study reporting an IPF outcome for this agent was retrieved (PubMed, 2026-09-02).",False,,,
telenursing,I3,1,NA/none,TERMINATED,1,non_pharmacological,False,unknown,Principal Investigator left the institution and the study was closed with the IRB,Poorly studied,no IPF-specific human outcome evidence retrieved,Unknown,registry-only,0,0,none retrieved,,,,,,,False,False,,,,,"No human study reporting an IPF outcome for this agent was retrieved (PubMed, 2026-09-02).",True,"PHASE6 A5 (registry-results sweep): posted results exist (NCT03562247, n=31, terminated because the principal investigator left the institution); hospitalisation events 1 (usual care), 0, 0. Underpowered; grading unchanged.",,"yes - posted registry results only, no publication located in this sweep"
telenursing and remote monitoring,I3,1,NA/none,TERMINATED,1,non_pharmacological,False,unknown,Principal Investigator left the institution and the study was closed with the IRB,Duplicate (merged into telenursing),no IPF-specific human outcome evidence retrieved,Unknown,registry-only,0,0,none retrieved,,,,,,,False,False,,,,,"No human study reporting an IPF outcome for this agent was retrieved (PubMed, 2026-09-02).",True,PHASE6 A5 (registry-results sweep): same trial as the 'telenursing' row (NCT03562247); grading unchanged.,telenursing,"yes - posted registry results only, no publication located in this sweep"
tetrathiomolybdate,I3,1,PHASE1|2,COMPLETED,0,investigational_drug,False,not_applicable,,Poorly studied,no IPF-specific human outcome evidence retrieved,Unknown,registry-only,0,0,none retrieved,,,,,,,False,False,,,,,"No human study reporting an IPF outcome for this agent was retrieved (PubMed, 2026-09-02).",False,,,
thalidomide,I1,2,PHASE3,COMPLETED,1,repurposed_approved_drug,False,not_applicable,,Uncertain,"single 23-patient crossover trial, cough dimension only",Uncertain,single small randomised crossover trial,5,1,rct,22986377.0,"CQLQ scores significantly improved with thalidomide (mean difference vs. placebo, -11.4 [95% CI, -15.7 to -7.0]; P < 0.001).",cough-specific quality of life measured by the Cough Quality of Life Questionnaire (CQLQ),24.0,placebo,symptoms - cough (E9),False,False,,"Adverse events reported in 74% receiving thalidomide vs. 22% placebo; constipation, dizziness, and malaise more frequent with thalidomide.",41808863|25410822|25760991|30036496,,"5 human studies attributed; strongest rct; IPF-only monotherapy randomised: 1 positive, 0 null, 0 harm.",True,Engine returned Works from a registry phase-3 label; the actual trial randomised 23 patients over 24 weeks on cough-specific quality of life. Downgraded; no lung-function or survival claim is licensed.,,
therapeutic plasma exchange,I1,2,PHASE2,NOT_YET_RECRUITING|TERMINATED,0,device_or_procedure,False,safety_toxicity,"Owing to the Covid-19 epidemics, suspension of inclusions on Monday 16 march 2020 for an undetermined period of time Terminated prematurely due to an excessive number of deaths",Poorly studied,no IPF-only monotherapy human evidence; appears only in combination or pooled sources,Unknown,attribution not separable,1,0,case_series,26083430.0,"Nine (9) trial subjects (82%) had improvements of pulmonary gas exchange after treatment, compared to one (5%) historical control.",improvement in pulmonary gas exchange after treatment,96.0,conventional glucocorticoid therapy (historical controls),improvement in pulmonary gas exchange after treatment,True,False,,No serious adverse events were attributable to the experimental medications.,,26083430,"1 human studies attributed; strongest case_series; IPF-only monotherapy randomised: 0 positive, 0 null, 0 harm.",False,,,
thiotepa,I3,1,PHASE1|2,RECRUITING,0,repurposed_approved_drug,False,not_applicable,,Poorly studied,no IPF-specific human outcome evidence retrieved,Unknown,registry-only,0,0,none retrieved,,,,,,,False,False,,,,,"No human study reporting an IPF outcome for this agent was retrieved (PubMed, 2026-09-02).",False,,,
tipelukast,I3,1,PHASE2,COMPLETED,1,investigational_drug,False,not_applicable,,Uncertain,null result that size or phase cannot make decisive,Uncertain,"very small randomised trial, registry-posted only",1,1,rct,,"NCT02503657 (MediciNova, n=15) primary endpoints to week 26: absolute change in FVC -0.177 L (arm labelled MN-001/MN-001) versus -0.025 L (arm labelled Placebo/MN-001); percent change in FVC -7.22% versus -0.33%. No between-arm analysis posted.",absolute and percent change in FVC to week 26,26.0,-0.025 L (placebo/MN-001 arm),E2 disease progression / lung function,False,False,,,,,"No human study reporting an IPF outcome for this agent was retrieved (PubMed, 2026-09-02).",True,PHASE6 A5 (registry-results sweep): corrected from 'Poorly studied - no IPF-specific human outcome evidence'. n=15 with a delayed-start style arm structure; the posted values are numerically worse on active drug but the trial cannot support any verdict on efficacy.,,yes - no results publication found in PubMed
tofacitinib,I1,1,PHASE2,UNKNOWN,0,repurposed_approved_drug,False,not_applicable,,Poorly studied,no IPF-only monotherapy human evidence; appears only in combination or pooled sources,Unknown,attribution not separable,1,0,observational_cohort,37680626.0,"After 6 months of TOF plus IGU treatment, forced vital capacity (FVC)% (84.7 ± 14.7 vs. 90.7 ± 15.4) and HRCT fibrosis score (7.3 ± 3.4 vs. 7.0 ± 5.6) showed a significant improvement compared to the csDMARDs group (P = 0.031, P = 0.015).","Changes in pulmonary function tests (FVC%), HRCT fibrosis score, and RA disease activity (ESR, CRP, DAS28-CRP)",26.0,csDMARDs alone; iguratimod plus csDMARDs,"Changes in pulmonary function tests (FVC%), HRCT fibrosis score, and RA disease activity (ESR, CRP, DAS28-CRP)",True,False,,,,37680626,"1 human studies attributed; strongest observational_cohort; IPF-only monotherapy randomised: 0 positive, 0 null, 0 harm.",False,,,
tralokinumab,I1,2,PHASE2,COMPLETED|TERMINATED,4,biologic,False,lack_of_efficacy,Early termination of the study due to lack of efficacy.,Uncertain,null result that size or phase cannot make decisive,Uncertain,underpowered null,1,1,rct,28787186.0,"Neither tralokinumab 400 mg nor tralokinumab 800 mg met the primary endpoint; least-squares mean difference (95% confidence interval) percent predicted FVC from baseline to Week 52: -1.77 (-4.13 to 0.59) (P = 0.140) and -1.41 (-3.73 to 0.91) (P = 0.234), respectively.",change from baseline to Week 52 in percent predicted FVC,52.0,placebo,change from baseline to Week 52 in percent predicted FVC,False,False,,"Acceptable safety and tolerability profile; cough (17.5–30.5%), IPF progression/exacerbation (16.9–22.8%), upper respiratory tract infection (12.3–20.3%) most common adverse events.",,,"1 human studies attributed; strongest rct; IPF-only monotherapy randomised: 0 positive, 1 null, 0 harm.",False,,,
treadmill walking (no incline),I3,1,NA/none,RECRUITING,0,non_pharmacological,False,not_applicable,,Poorly studied,no IPF-specific human outcome evidence retrieved,Unknown,registry-only,0,0,none retrieved,,,,,,,False,False,,,,,"No human study reporting an IPF outcome for this agent was retrieved (PubMed, 2026-09-02).",False,,,
triple therapy,I2,0,none (literature-only),,0,,False,safety_toxicity,,Harm outweighs benefit,randomised evidence of excess death and hospitalisation (PANTHER-IPF combination arm stopped early),Probable,randomised harm signal,2,0,rct,22607134.0,"patients in the combination-therapy group, as compared with the placebo group, had an increased rate of death (8 vs. 1, P=0.01) and hospitalization (23 vs. 7, P<0.001).",change in FVC over 60 weeks (arm stopped at interim),32.0,placebo,mortality and hospitalisation (harm),True,False,,Trial terminated early due to increased mortality and hospitalizations in combination therapy arm; no physiological or clinical benefit observed,22607134|26843176,,"2 human studies attributed; strongest rct; IPF-only monotherapy randomised: 0 positive, 0 null, 0 harm.",True,"Combination entity per brief section 1: prednisone + azathioprine + N-acetylcysteine, cross-referenced to its three components. Engine had attributed only a network meta-analysis to it. Key result is the PANTHER-IPF interim (PMID 22607134).",,
valganciclovir,I1,2,PHASE2,COMPLETED,2,repurposed_approved_drug,False,not_applicable,,Uncertain,"randomised human data on a non-clinical primary endpoint (safety, pharmacokinetic, deposition, feasibility or mechanistic); no clinical outcome signal",Uncertain,early-phase or single randomised source,1,1,rct,33740394.0,"All subjects completed assigned therapy except one subject in the valganciclovir group, who discontinued the study drug after developing a rash.",number of subjects discontinuing study drug before completing 12 weeks of treatment,12.0,placebo,number of subjects discontinuing study drug before completing 12 weeks of treatment,False,False,,Valganciclovir is safe and well tolerated as an add-on therapy to pirfenidone in patients with IPF; total number of adverse events was similar between study groups.,,,"1 human studies attributed; strongest rct; IPF-only monotherapy randomised: 1 positive, 0 null, 0 harm.",False,"PHASE4 CORRECTION (C16): previously labelled 'positive randomised signal below phase 3'. The trial's primary endpoint is not a clinical outcome, so the row carries no efficacy signal.",,
venetoclax,I3,1,EARLY_PHASE1,COMPLETED,0,repurposed_approved_drug,False,not_applicable,,Poorly studied,no IPF-specific human outcome evidence retrieved,Unknown,registry-only,0,0,none retrieved,,,,,,,False,False,,,,,"No human study reporting an IPF outcome for this agent was retrieved (PubMed, 2026-09-02).",False,,,
virtual autonomous physiotherapist agent (VAPA),I3,1,PHASE2,UNKNOWN,0,non_pharmacological,False,not_applicable,,Poorly studied,no IPF-specific human outcome evidence retrieved,Unknown,registry-only,0,0,none retrieved,,,,,,,False,False,,,,,"No human study reporting an IPF outcome for this agent was retrieved (PubMed, 2026-09-02).",False,,,
vismodegib,I3,2,PHASE2,COMPLETED|WITHDRAWN,0,repurposed_approved_drug,False,not_applicable,,Poorly studied,no IPF-specific human outcome evidence retrieved,Unknown,registry-only,0,0,none retrieved,,,,,,,False,False,,,,,"No human study reporting an IPF outcome for this agent was retrieved (PubMed, 2026-09-02).",False,,,
vixarelimab,I3,1,PHASE2,TERMINATED,0,biologic,False,safety_toxicity,Sponsor decided to discontinue the study after review of clinical data by the iDMC. This decision was based on unblinded evaluation of clinical efficacy which showed a trend towards futility \& was not related to any safety concerns of vixarelimab.,Poorly studied,no IPF-specific human outcome evidence retrieved,Unknown,registry-only,0,0,none retrieved,,,,,,,False,False,,,,,"No human study reporting an IPF outcome for this agent was retrieved (PubMed, 2026-09-02).",False,,,
voxelotor,I3,2,PHASE2,COMPLETED|TERMINATED,2,investigational_drug,False,lack_of_efficacy,Study was terminated due to lack of clinically meaningful benefit.,Poorly studied,no IPF-specific human outcome evidence retrieved,Unknown,registry-only,0,0,none retrieved,,,,,,,False,False,,,,,"No human study reporting an IPF outcome for this agent was retrieved (PubMed, 2026-09-02).",True,"PHASE6 A5 (registry-results sweep): no primary outcome data are posted; the sponsor's stated reason for stopping NCT02989168 is lack of clinically meaningful benefit, and NCT02846324 (n=39) carries a safety primary endpoint. abandoned_reason corrected from unknown to lack of efficacy on the sponsor's own stated grounds.",,"yes - posted registry results only, no publication located in this sweep"
warfarin,I1,1,PHASE3,TERMINATED,1,repurposed_approved_drug,False,safety_toxicity,Excess of mortality in the treatment group created safety concerns.,Harm outweighs benefit,randomised evidence of excess harm in IPF,Probable,randomised harm signal,7,1,rct,22561965.0,"Due to a low probability of benefit and an increase in mortality observed in the subjects randomized to warfarin (14 warfarin versus 3 placebo deaths; P = 0.005) an independent Data and Safety Monitoring Board recommended stopping the study after 145 of the planned 256 subjects were enrolled (72 warfarin, 73 placebo).","composite outcome of time to death, hospitalization (nonbleeding, nonelective), or a 10% or greater absolute decline in FVC",28.0,placebo,"composite outcome of time to death, hospitalization (nonbleeding, nonelective), or a 10% or greater absolute decline in ",False,False,,"Treatment with warfarin was associated with an increased risk of mortality (14 deaths vs 3 in placebo group, P=0.005); study halted early due to harm signal",38281037|36035947,41425266|16162746|21735740|27103382,"7 human studies attributed; strongest rct; IPF-only monotherapy randomised: 0 positive, 0 null, 1 harm.",False,,,
whole body vibration training,I3,1,NA/none,UNKNOWN,0,non_pharmacological,False,not_applicable,,Poorly studied,no IPF-specific human outcome evidence retrieved,Unknown,registry-only,0,0,none retrieved,,,,,,,False,False,,,,,"No human study reporting an IPF outcome for this agent was retrieved (PubMed, 2026-09-02).",False,,,
yoga,I3,2,NA/none,ACTIVE_NOT_RECRUITING|COMPLETED,0,non_pharmacological,False,not_applicable,,Poorly studied,no IPF-specific human outcome evidence retrieved,Unknown,registry-only,0,0,none retrieved,,,,,,,False,False,,,,,"No human study reporting an IPF outcome for this agent was retrieved (PubMed, 2026-09-02).",False,,,
zileuton,I3,1,PHASE2,COMPLETED,0,repurposed_approved_drug,False,not_applicable,,Poorly studied,no IPF-specific human outcome evidence retrieved,Unknown,registry-only,0,0,none retrieved,,,,,,,False,False,,,,,"No human study reporting an IPF outcome for this agent was retrieved (PubMed, 2026-09-02).",False,,,
zinc,I3,1,PHASE2,RECRUITING,0,supplement_or_vitamin,False,not_applicable,,Poorly studied,no IPF-specific human outcome evidence retrieved,Unknown,registry-only,0,0,none retrieved,,,,,,,False,False,,,,,"No human study reporting an IPF outcome for this agent was retrieved (PubMed, 2026-09-02).",False,,,
zinpentraxin alfa,I1,4,PHASE3,COMPLETED|TERMINATED,4,biologic,False,lack_of_efficacy,The study was terminated by Sponsor as the futility analysis outcome indicated that the study was unlikely to meet the predefined primary objective of the study. No new safety concerns were identified.,Failed,"adequately sized randomised evidence, null",Probable,randomised null result,3,1,rct,38354066.0,"In the final analysis, absolute change from baseline to Week 52 in FVC was similar between placebo and zinpentraxin alfa (-214.89 ml and -235.72 ml; P = 0.5420); there were no apparent treatment effects on secondary endpoints.",absolute change from baseline to Week 52 in FVC,52.0,placebo,absolute change from baseline to Week 52 in FVC,False,False,,"Overall, 72.3% and 74.6% of patients receiving placebo and zinpentraxin alfa, respectively, experienced one or more adverse events.",42115887,,"3 human studies attributed; strongest rct; IPF-only monotherapy randomised: 0 positive, 1 null, 0 harm.",True,"Registry termination text keyword-classified incorrectly; both programmes stopped after prespecified futility/interim analyses (lack of efficacy), not for the class the keyword matched.",,
ziritaxestat,I3,3,PHASE3,COMPLETED|TERMINATED,3,investigational_drug,False,lack_of_efficacy,The benefit-risk profile no longer supports continuing the study,Failed,"two phase 3 trials (ISABELA 1/2), no effect on the primary endpoint; terminated early on benefit-risk grounds",Established,"Established (adequately powered phase 3 programme, negative)",1,1,rct,37159034.0,Ziritaxestat did not improve the annual rate of FVC decline vs placebo in either study.,annual rate of FVC decline at week 52,52.0,,rate of FVC decline (E1),False,False,,,,,"No human study reporting an IPF outcome for this agent was retrieved (PubMed, 2026-09-02).",True,Reclassified from 'Poorly studied' in the Phase 3 retrieval-artefact check (corrections entry C11): the Phase 2 per-entity search had missed the primary report. Graded from the retrieved abstract; full text not read.,,
lung transplantation,I1,0,not applicable (surgical),,0,definitive / surgical,False,not_applicable,,Works,the only intervention with evidence of extended survival in IPF; graded on the survival dimension from registry data only,Probable,observational registry evidence; a randomised comparison is not feasible,1,0,observational_registry,37625610.0,"Lung transplantation: 5-year survival 55.2% in the most recent era analysed, up from 51.9% (p=0.02); adjusted HR 0.83 (95% CI 0.76-0.91) for the later era","post-transplant survival, UNOS-era analysis",260.0,earlier transplant era,survival (E11) / definitive treatment,False,False,,,,,Carried forward from the Phase 1 ceiling table rather than re-derived; the quoted figure is the Phase 1 record for the definitive-treatment dimension (source PMID 37625610).,True,"Absent from both the registry intervention universe and the entity literature search because it is a procedure, not an arm label. Added as a curated row. Survival grading is capped at Probable by brief section 2: the comparison is between transplant eras in a registry, not against untransplanted IPF, and no randomised comparison is possible.",,
Jinbei oral liquid (12-herb TCM compound),I2,0,not registered as a phase-labelled trial,,0,traditional / herbal,True,not_applicable,,Uncertain,"randomised IPF-only evidence exists (T1) but the verdict is capped at Uncertain by brief section 4.3: risk of bias could only be judged from the abstract, samples are small and follow-up short, and no independent replication outside the originating research setting was retrieved",Uncertain,"traditional-medicine screen tier T1; some concerns - assessed from abstract only, full text not retrieved",1,1,randomised_human,39849152.0,,FVC/DLCO and quality of life,,,FVC/DLCO and quality of life,False,False,,,,,"Entered from the traditional-medicine screen (brief section 4). Tier T1: randomised, IPF-only, eligible outcome, registration stated. Author-reported direction: authors report mixed significant and non-significant outcomes. n reported: 103.0; duration reported: 26 weeks.",True,"Graded from the abstract only; full text not retrieved. Chinese-language biomedical databases (CNKI, VIP, Wanfang, SinoMed) were not searched (brief section 4.5), so this row is a floor on what exists, not a complete account.",,
Kangxian Huanji Granule,I2,0,not registered as a phase-labelled trial,,0,traditional / herbal,True,not_applicable,,Uncertain,"randomised IPF-only evidence exists (T1) but the verdict is capped at Uncertain by brief section 4.3: risk of bias could only be judged from the abstract, samples are small and follow-up short, and no independent replication outside the originating research setting was retrieved",Uncertain,"traditional-medicine screen tier T1; some concerns - assessed from abstract only, full text not retrieved",1,1,randomised_human,37993378.0,,acute exacerbation of IPF (E10) - adjunctive; clinical outcome and inflammatory markers,,,acute exacerbation of IPF (E10) - adjunctive; clinical outcome and inflammatory markers,False,False,,,,,"Entered from the traditional-medicine screen (brief section 4). Tier T1: randomised, IPF-only, eligible outcome, registration stated. Author-reported direction: authors report mixed significant and non-significant outcomes. n reported: 80.0; duration reported: 4 weeks.",True,"Graded from the abstract only; full text not retrieved. Chinese-language biomedical databases (CNKI, VIP, Wanfang, SinoMed) were not searched (brief section 4.5), so this row is a floor on what exists, not a complete account. Population is AE-IPF, an outcome dimension (E10) where no licensed treatment exists; the trial is explicitly labelled exploratory.",,
Qizhukangxian granules,I2,0,not registered as a phase-labelled trial,,0,traditional / herbal,True,not_applicable,,Uncertain,"randomised IPF-only evidence exists (T2) but the verdict is capped at Uncertain by brief section 4.3: risk of bias could only be judged from the abstract, samples are small and follow-up short, and no independent replication outside the originating research setting was retrieved",Uncertain,traditional-medicine screen tier T2; high or some concerns - allocation concealment and blinding not described in the retrievable record,1,1,randomised_human,32744035.0,,FVC/6MWD and quality of life,,,FVC/6MWD and quality of life,False,False,,,,,"Entered from the traditional-medicine screen (brief section 4). Tier T2: randomised, IPF-only, eligible outcome; registration or allocation concealment not documented in the retrievable record. Author-reported direction: authors report at least one statistically significant benefit. n reported: 120.0; duration reported: 48 weeks.",True,"Graded from the abstract only; full text not retrieved. Chinese-language biomedical databases (CNKI, VIP, Wanfang, SinoMed) were not searched (brief section 4.5), so this row is a floor on what exists, not a complete account.",,
Feiwei granules,I2,0,not registered as a phase-labelled trial,,0,traditional / herbal,True,not_applicable,,Uncertain,"randomised IPF-only evidence exists (T2) but the verdict is capped at Uncertain by brief section 4.3: risk of bias could only be judged from the abstract, samples are small and follow-up short, and no independent replication outside the originating research setting was retrieved",Uncertain,traditional-medicine screen tier T2; high or some concerns - allocation concealment and blinding not described in the retrievable record,1,1,randomised_human,28459237.0,,lung function and quality of life,,,lung function and quality of life,False,False,,,,,"Entered from the traditional-medicine screen (brief section 4). Tier T2: randomised, IPF-only, eligible outcome; registration or allocation concealment not documented in the retrievable record. Author-reported direction: authors report no significant benefit. n reported: nan; duration reported: 6 months.",True,"Graded from the abstract only; full text not retrieved. Chinese-language biomedical databases (CNKI, VIP, Wanfang, SinoMed) were not searched (brief section 4.5), so this row is a floor on what exists, not a complete account. Author-reported direction is null; preserved in the negative-results register as well.",,
umbilical moxibustion,I2,0,not registered as a phase-labelled trial,,0,traditional / non-herbal procedure,True,not_applicable,,Uncertain,"randomised IPF-only evidence exists (T2) but the verdict is capped at Uncertain by brief section 4.3: risk of bias could only be judged from the abstract, samples are small and follow-up short, and no independent replication outside the originating research setting was retrieved",Uncertain,traditional-medicine screen tier T2; high or some concerns - allocation concealment and blinding not described in the retrievable record,1,1,randomised_human,30942008.0,,quality of life and symptom outcomes,,,quality of life and symptom outcomes,False,False,,,,,"Entered from the traditional-medicine screen (brief section 4). Tier T2: randomised, IPF-only, eligible outcome; registration or allocation concealment not documented in the retrievable record. Author-reported direction: authors report mixed significant and non-significant outcomes. n reported: 116.0; duration reported: 12 weeks.",True,"Graded from the abstract only; full text not retrieved. Chinese-language biomedical databases (CNKI, VIP, Wanfang, SinoMed) were not searched (brief section 4.5), so this row is a floor on what exists, not a complete account.",,
Pulmonary Daoyin (TCM rehabilitation programme),I2,0,not registered as a phase-labelled trial,,0,traditional / mind-body exercise,True,not_applicable,,Uncertain,"randomised IPF-only evidence exists (T2) but the verdict is capped at Uncertain by brief section 4.3: risk of bias could only be judged from the abstract, samples are small and follow-up short, and no independent replication outside the originating research setting was retrieved",Uncertain,traditional-medicine screen tier T2; high or some concerns - allocation concealment and blinding not described in the retrievable record,1,1,randomised_human,33164264.0,,6MWD (E5) and SGRQ-I (E6),,,6MWD (E5) and SGRQ-I (E6),False,False,,,,,"Entered from the traditional-medicine screen (brief section 4). Tier T2: randomised, IPF-only, 6MWD and SGRQ-I primary outcomes, but no trial-registration identifier in the retrievable record. Author-reported direction: authors report mixed significant and non-significant outcomes. n reported: nan; duration reported: 2 months.",True,"Graded from the abstract only; full text not retrieved. Chinese-language biomedical databases (CNKI, VIP, Wanfang, SinoMed) were not searched (brief section 4.5), so this row is a floor on what exists, not a complete account. This trial is also the strongest randomised source under the general pulmonary-rehabilitation entity; it is cross-referenced there rather than double-counted as an independent positive.",,
Baduanjin exercise,I2,0,not registered as a phase-labelled trial,,0,traditional / mind-body exercise,True,not_applicable,,Duplicate (merged into baduanjin exercise),"randomised IPF-only evidence exists (T1) but the verdict is capped at Uncertain by brief section 4.3: risk of bias could only be judged from the abstract, samples are small and follow-up short, and no independent replication outside the originating research setting was retrieved",Uncertain,traditional-medicine screen tier T1; risk of bias not assessable from the retrievable record,1,0,narrative_review_or_mechanistic,41184899.0,,"6MWD (E5), respiratory function, quality of life (E6)",,,"6MWD (E5), respiratory function, quality of life (E6)",False,False,,,,,"Entered from the traditional-medicine screen (brief section 4). Tier T1: randomised (randomly assigned), IPF-only, 6MWD/respiratory function/QoL outcomes, registered NCT06372353. Author-reported direction: authors report at least one statistically significant benefit. n reported: nan; duration reported: not stated.",True,Case-variant duplicate name string created by Phase 2 extraction; same intervention as 'baduanjin exercise'.,baduanjin exercise,
"SRN001 (amphiregulin siRNA, inhaled)",,,,,,,,,,Poorly studied,phase 1 safety and pharmacokinetics only; no clinical outcome evidence,Poorly studied,,1,0,"phase 1 trial in healthy participants and IPF patients (NCT05984992, n=25)",42052104.0,,,,,safety / pharmacokinetics,,,,,,,,,Added in Phase 6 action A3: the trial had no posted results and was missed by Phase 2 entity searching; the 2026 publication reports safety and pharmacokinetics only (PMID 42052104).,,
TNIK inhibitor (AI-discovered small molecule),,,,,,,,,,Poorly studied,phase 1 safety and pharmacokinetics only; anti-fibrotic claims are preclinical,Poorly studied,,1,0,"phase 1 trial (NCT05154240, n=78) reported alongside preclinical models",38459338.0,,,,,safety / pharmacokinetics,,,,,,,,,Added in Phase 6 action A3 (PMID 38459338). The paper's efficacy evidence is preclinical; the human data are phase 1 safety and pharmacokinetics.,,
